date_time,maxtempC,mintempC,totalSnow_cm,sunHour,uvIndex,moon_illumination,moonrise,moonset,sunrise,sunset,DewPointC,FeelsLikeC,HeatIndexC,WindChillC,WindGustKmph,cloudcover,humidity,precipMM,pressure,tempC,visibility,winddirDegree,windspeedKmph,location
2018-12-11 00:00:00,32,26,0.0,10.2,7,21,10:02 AM,10:20 PM,06:56 AM,06:59 PM,24,30,30,27,8,42,83,0.0,1010,26,10,351,5,singapore
2018-12-11 03:00:00,32,26,0.0,10.2,7,21,10:02 AM,10:20 PM,06:56 AM,06:59 PM,23,29,29,26,9,39,84,0.0,1009,26,10,334,6,singapore
2018-12-11 06:00:00,32,26,0.0,10.2,7,21,10:02 AM,10:20 PM,06:56 AM,06:59 PM,24,31,31,27,8,33,81,0.0,1010,27,10,347,6,singapore
2018-12-11 09:00:00,32,26,0.0,10.2,7,21,10:02 AM,10:20 PM,06:56 AM,06:59 PM,24,38,38,32,6,38,61,0.0,1010,32,10,353,5,singapore
2018-12-11 12:00:00,32,26,0.0,10.2,7,21,10:02 AM,10:20 PM,06:56 AM,06:59 PM,25,39,39,32,5,34,65,0.0,1009,32,10,290,4,singapore
2018-12-11 15:00:00,32,26,0.0,10.2,7,21,10:02 AM,10:20 PM,06:56 AM,06:59 PM,25,37,37,31,10,39,70,6.0,1007,30,7,348,5,singapore
2018-12-11 18:00:00,32,26,0.0,10.2,7,21,10:02 AM,10:20 PM,06:56 AM,06:59 PM,24,31,31,27,16,90,85,0.0,1009,27,10,348,10,singapore
2018-12-11 21:00:00,32,26,0.0,10.2,7,21,10:02 AM,10:20 PM,06:56 AM,06:59 PM,24,30,30,27,13,32,84,0.1,1010,26,10,347,9,singapore
2018-12-12 00:00:00,29,26,0.0,10.3,7,29,10:49 AM,11:07 PM,06:57 AM,07:00 PM,24,30,30,26,13,58,86,0.0,1010,26,10,330,9,singapore
2018-12-12 03:00:00,29,26,0.0,10.3,7,29,10:49 AM,11:07 PM,06:57 AM,07:00 PM,24,29,29,26,15,48,86,0.6,1009,26,9,329,9,singapore
2018-12-12 06:00:00,29,26,0.0,10.3,7,29,10:49 AM,11:07 PM,06:57 AM,07:00 PM,24,30,30,27,10,66,84,0.0,1010,26,10,307,7,singapore
2018-12-12 09:00:00,29,26,0.0,10.3,7,29,10:49 AM,11:07 PM,06:57 AM,07:00 PM,24,34,34,29,11,49,74,3.8,1011,29,7,296,6,singapore
2018-12-12 12:00:00,29,26,0.0,10.3,7,29,10:49 AM,11:07 PM,06:57 AM,07:00 PM,23,34,34,30,9,82,69,0.0,1010,29,10,341,8,singapore
2018-12-12 15:00:00,29,26,0.0,10.3,7,29,10:49 AM,11:07 PM,06:57 AM,07:00 PM,23,33,33,30,8,41,67,0.0,1009,29,10,354,7,singapore
2018-12-12 18:00:00,29,26,0.0,10.3,7,29,10:49 AM,11:07 PM,06:57 AM,07:00 PM,23,31,31,27,8,60,80,0.0,1010,27,10,6,5,singapore
2018-12-12 21:00:00,29,26,0.0,10.3,7,29,10:49 AM,11:07 PM,06:57 AM,07:00 PM,23,30,30,27,8,73,83,0.1,1011,26,10,327,5,singapore
2018-12-13 00:00:00,29,25,0.0,8.9,6,36,11:34 AM,11:52 PM,06:57 AM,07:00 PM,23,29,29,26,9,73,83,0.0,1010,26,10,342,6,singapore
2018-12-13 03:00:00,29,25,0.0,8.9,6,36,11:34 AM,11:52 PM,06:57 AM,07:00 PM,23,29,29,26,11,46,85,0.1,1010,25,10,326,7,singapore
2018-12-13 06:00:00,29,25,0.0,8.9,6,36,11:34 AM,11:52 PM,06:57 AM,07:00 PM,23,30,30,26,7,61,83,0.0,1011,26,10,324,5,singapore
2018-12-13 09:00:00,29,25,0.0,8.9,6,36,11:34 AM,11:52 PM,06:57 AM,07:00 PM,24,35,35,30,8,43,70,1.3,1012,29,10,311,6,singapore
2018-12-13 12:00:00,29,25,0.0,8.9,6,36,11:34 AM,11:52 PM,06:57 AM,07:00 PM,24,34,34,29,11,54,75,0.0,1011,29,10,354,9,singapore
2018-12-13 15:00:00,29,25,0.0,8.9,6,36,11:34 AM,11:52 PM,06:57 AM,07:00 PM,24,33,33,28,21,61,77,0.0,1009,28,10,14,12,singapore
2018-12-13 18:00:00,29,25,0.0,8.9,6,36,11:34 AM,11:52 PM,06:57 AM,07:00 PM,24,30,30,26,12,75,85,0.0,1011,26,10,3,8,singapore
2018-12-13 21:00:00,29,25,0.0,8.9,6,36,11:34 AM,11:52 PM,06:57 AM,07:00 PM,24,30,30,26,16,46,85,0.0,1011,26,10,11,10,singapore
2018-12-14 00:00:00,28,25,0.0,8.9,6,43,12:17 PM,No moonset,06:58 AM,07:01 PM,24,29,29,26,13,73,88,0.0,1011,25,10,340,9,singapore
2018-12-14 03:00:00,28,25,0.0,8.9,6,43,12:17 PM,No moonset,06:58 AM,07:01 PM,23,28,28,25,17,81,89,1.2,1010,25,10,327,10,singapore
2018-12-14 06:00:00,28,25,0.0,8.9,6,43,12:17 PM,No moonset,06:58 AM,07:01 PM,24,29,29,26,10,82,87,0.0,1011,26,10,322,7,singapore
2018-12-14 09:00:00,28,25,0.0,8.9,6,43,12:17 PM,No moonset,06:58 AM,07:01 PM,24,32,32,28,15,55,76,1.1,1012,28,10,354,12,singapore
2018-12-14 12:00:00,28,25,0.0,8.9,6,43,12:17 PM,No moonset,06:58 AM,07:01 PM,24,30,30,27,20,98,84,0.0,1011,26,10,3,13,singapore
2018-12-14 15:00:00,28,25,0.0,8.9,6,43,12:17 PM,No moonset,06:58 AM,07:01 PM,24,30,30,27,18,47,84,2.3,1010,27,10,8,12,singapore
2018-12-14 18:00:00,28,25,0.0,8.9,6,43,12:17 PM,No moonset,06:58 AM,07:01 PM,24,29,29,26,9,87,89,0.0,1011,25,10,357,5,singapore
2018-12-14 21:00:00,28,25,0.0,8.9,6,43,12:17 PM,No moonset,06:58 AM,07:01 PM,24,29,29,26,10,45,91,0.1,1012,25,9,328,6,singapore
2018-12-15 00:00:00,30,25,0.0,8.9,6,51,01:00 PM,12:36 AM,06:58 AM,07:01 PM,24,29,29,25,12,74,94,0.0,1011,25,9,285,8,singapore
2018-12-15 03:00:00,30,25,0.0,8.9,6,51,01:00 PM,12:36 AM,06:58 AM,07:01 PM,24,28,28,25,8,100,93,3.5,1010,25,7,281,5,singapore
2018-12-15 06:00:00,30,25,0.0,8.9,6,51,01:00 PM,12:36 AM,06:58 AM,07:01 PM,24,28,28,25,8,100,92,0.0,1011,25,10,275,5,singapore
2018-12-15 09:00:00,30,25,0.0,8.9,6,51,01:00 PM,12:36 AM,06:58 AM,07:01 PM,24,30,30,27,6,65,85,0.1,1012,26,10,313,4,singapore
2018-12-15 12:00:00,30,25,0.0,8.9,6,51,01:00 PM,12:36 AM,06:58 AM,07:01 PM,24,36,36,30,3,49,70,0.0,1010,30,10,338,3,singapore
2018-12-15 15:00:00,30,25,0.0,8.9,6,51,01:00 PM,12:36 AM,06:58 AM,07:01 PM,24,35,35,30,2,46,71,0.2,1009,29,9,83,1,singapore
2018-12-15 18:00:00,30,25,0.0,8.9,6,51,01:00 PM,12:36 AM,06:58 AM,07:01 PM,24,30,30,27,4,79,84,0.0,1011,26,10,321,3,singapore
2018-12-15 21:00:00,30,25,0.0,8.9,6,51,01:00 PM,12:36 AM,06:58 AM,07:01 PM,24,29,29,26,8,55,86,2.2,1012,26,10,304,5,singapore
2018-12-16 00:00:00,32,25,0.0,10.3,6,58,01:43 PM,01:20 AM,06:59 AM,07:02 PM,23,29,29,26,7,100,87,0.0,1012,25,10,283,4,singapore
2018-12-16 03:00:00,32,25,0.0,10.3,6,58,01:43 PM,01:20 AM,06:59 AM,07:02 PM,23,29,29,26,6,73,87,0.1,1011,25,10,303,4,singapore
2018-12-16 06:00:00,32,25,0.0,10.3,6,58,01:43 PM,01:20 AM,06:59 AM,07:02 PM,24,30,30,27,6,50,84,0.0,1011,26,10,347,4,singapore
2018-12-16 09:00:00,32,25,0.0,10.3,6,58,01:43 PM,01:20 AM,06:59 AM,07:02 PM,24,36,36,31,5,48,64,0.0,1012,31,10,324,4,singapore
2018-12-16 12:00:00,32,25,0.0,10.3,6,58,01:43 PM,01:20 AM,06:59 AM,07:02 PM,24,39,39,33,4,38,60,0.0,1011,32,10,313,4,singapore
2018-12-16 15:00:00,32,25,0.0,10.3,6,58,01:43 PM,01:20 AM,06:59 AM,07:02 PM,24,35,35,30,8,35,74,3.2,1009,29,7,23,4,singapore
2018-12-16 18:00:00,32,25,0.0,10.3,6,58,01:43 PM,01:20 AM,06:59 AM,07:02 PM,24,29,29,26,11,77,86,0.0,1011,26,10,28,7,singapore
2018-12-16 21:00:00,32,25,0.0,10.3,6,58,01:43 PM,01:20 AM,06:59 AM,07:02 PM,24,29,29,26,8,46,86,0.2,1012,26,9,10,5,singapore
2018-12-17 00:00:00,32,25,0.0,10.3,7,65,02:26 PM,02:03 AM,06:59 AM,07:02 PM,24,29,29,26,10,45,87,0.0,1011,25,10,349,6,singapore
2018-12-17 03:00:00,32,25,0.0,10.3,7,65,02:26 PM,02:03 AM,06:59 AM,07:02 PM,23,28,28,26,10,35,88,0.0,1011,25,10,334,6,singapore
2018-12-17 06:00:00,32,25,0.0,10.3,7,65,02:26 PM,02:03 AM,06:59 AM,07:02 PM,23,30,30,27,4,55,83,0.0,1013,26,10,222,3,singapore
2018-12-17 09:00:00,32,25,0.0,10.3,7,65,02:26 PM,02:03 AM,06:59 AM,07:02 PM,23,35,35,31,7,27,61,0.0,1013,31,10,202,6,singapore
2018-12-17 12:00:00,32,25,0.0,10.3,7,65,02:26 PM,02:03 AM,06:59 AM,07:02 PM,23,38,38,33,7,29,56,0.0,1011,32,10,188,6,singapore
2018-12-17 15:00:00,32,25,0.0,10.3,7,65,02:26 PM,02:03 AM,06:59 AM,07:02 PM,23,36,36,31,10,24,60,0.0,1009,31,10,163,8,singapore
2018-12-17 18:00:00,32,25,0.0,10.3,7,65,02:26 PM,02:03 AM,06:59 AM,07:02 PM,23,31,31,28,4,100,77,0.0,1011,27,10,84,3,singapore
2018-12-17 21:00:00,32,25,0.0,10.3,7,65,02:26 PM,02:03 AM,06:59 AM,07:02 PM,24,31,31,27,8,48,82,0.1,1012,27,10,23,5,singapore
2018-12-18 00:00:00,31,26,0.0,11.6,6,72,03:11 PM,02:48 AM,07:00 AM,07:03 PM,24,30,30,27,9,100,84,0.0,1012,26,10,5,6,singapore
2018-12-18 03:00:00,31,26,0.0,11.6,6,72,03:11 PM,02:48 AM,07:00 AM,07:03 PM,24,29,29,26,10,65,87,0.1,1011,26,10,357,6,singapore
2018-12-18 06:00:00,31,26,0.0,11.6,6,72,03:11 PM,02:48 AM,07:00 AM,07:03 PM,24,30,30,27,10,78,87,0.0,1012,26,10,352,7,singapore
2018-12-18 09:00:00,31,26,0.0,11.6,6,72,03:11 PM,02:48 AM,07:00 AM,07:03 PM,24,33,33,28,12,47,80,2.3,1012,28,10,11,8,singapore
2018-12-18 12:00:00,31,26,0.0,11.6,6,72,03:11 PM,02:48 AM,07:00 AM,07:03 PM,24,38,38,32,8,24,64,0.0,1011,31,10,76,7,singapore
2018-12-18 15:00:00,31,26,0.0,11.6,6,72,03:11 PM,02:48 AM,07:00 AM,07:03 PM,24,36,36,31,11,25,65,0.1,1009,30,10,78,10,singapore
2018-12-18 18:00:00,31,26,0.0,11.6,6,72,03:11 PM,02:48 AM,07:00 AM,07:03 PM,23,31,31,28,12,42,77,0.0,1011,27,10,65,8,singapore
2018-12-18 21:00:00,31,26,0.0,11.6,6,72,03:11 PM,02:48 AM,07:00 AM,07:03 PM,23,30,30,27,11,45,78,0.0,1012,27,10,68,7,singapore
2018-12-19 00:00:00,33,26,0.0,10.2,7,80,03:59 PM,03:35 AM,07:00 AM,07:03 PM,23,30,30,27,9,46,82,0.0,1012,26,10,45,6,singapore
2018-12-19 03:00:00,33,26,0.0,10.2,7,80,03:59 PM,03:35 AM,07:00 AM,07:03 PM,24,30,30,27,9,22,84,0.0,1011,26,10,29,6,singapore
2018-12-19 06:00:00,33,26,0.0,10.2,7,80,03:59 PM,03:35 AM,07:00 AM,07:03 PM,24,31,31,28,7,22,81,0.0,1012,27,10,3,6,singapore
2018-12-19 09:00:00,33,26,0.0,10.2,7,80,03:59 PM,03:35 AM,07:00 AM,07:03 PM,24,36,36,31,8,38,64,0.6,1013,31,9,28,7,singapore
2018-12-19 12:00:00,33,26,0.0,10.2,7,80,03:59 PM,03:35 AM,07:00 AM,07:03 PM,23,40,40,34,5,61,54,0.0,1012,33,10,15,4,singapore
2018-12-19 15:00:00,33,26,0.0,10.2,7,80,03:59 PM,03:35 AM,07:00 AM,07:03 PM,24,37,37,31,6,31,64,2.3,1010,31,9,31,4,singapore
2018-12-19 18:00:00,33,26,0.0,10.2,7,80,03:59 PM,03:35 AM,07:00 AM,07:03 PM,24,32,32,28,10,23,80,0.0,1011,27,10,8,6,singapore
2018-12-19 21:00:00,33,26,0.0,10.2,7,80,03:59 PM,03:35 AM,07:00 AM,07:03 PM,24,30,30,27,13,18,83,0.0,1012,26,10,6,8,singapore
2018-12-20 00:00:00,33,26,0.0,11.6,7,87,04:50 PM,04:25 AM,07:01 AM,07:04 PM,23,30,30,26,15,31,84,0.0,1012,26,10,7,9,singapore
2018-12-20 03:00:00,33,26,0.0,11.6,7,87,04:50 PM,04:25 AM,07:01 AM,07:04 PM,23,29,29,26,18,19,84,0.0,1011,26,10,4,11,singapore
2018-12-20 06:00:00,33,26,0.0,11.6,7,87,04:50 PM,04:25 AM,07:01 AM,07:04 PM,24,31,31,27,13,22,82,0.0,1012,27,10,5,9,singapore
2018-12-20 09:00:00,33,26,0.0,11.6,7,87,04:50 PM,04:25 AM,07:01 AM,07:04 PM,23,36,36,31,13,14,64,0.0,1012,31,10,15,12,singapore
2018-12-20 12:00:00,33,26,0.0,11.6,7,87,04:50 PM,04:25 AM,07:01 AM,07:04 PM,23,39,39,33,12,19,55,0.0,1010,33,10,17,10,singapore
2018-12-20 15:00:00,33,26,0.0,11.6,7,87,04:50 PM,04:25 AM,07:01 AM,07:04 PM,25,37,37,31,11,51,70,2.0,1008,30,10,23,7,singapore
2018-12-20 18:00:00,33,26,0.0,11.6,7,87,04:50 PM,04:25 AM,07:01 AM,07:04 PM,24,31,31,27,10,33,83,0.0,1010,27,10,15,6,singapore
2018-12-20 21:00:00,33,26,0.0,11.6,7,87,04:50 PM,04:25 AM,07:01 AM,07:04 PM,24,30,30,27,15,32,86,0.2,1011,26,9,9,10,singapore
2018-12-21 00:00:00,31,26,0.0,10.2,7,94,05:45 PM,05:19 AM,07:01 AM,07:04 PM,24,30,30,27,16,14,88,0.0,1011,26,10,7,10,singapore
2018-12-21 03:00:00,31,26,0.0,10.2,7,94,05:45 PM,05:19 AM,07:01 AM,07:04 PM,24,29,29,26,20,15,89,0.4,1010,26,9,354,12,singapore
2018-12-21 06:00:00,31,26,0.0,10.2,7,94,05:45 PM,05:19 AM,07:01 AM,07:04 PM,24,31,31,27,14,29,84,0.0,1011,27,10,344,10,singapore
2018-12-21 09:00:00,31,26,0.0,10.2,7,94,05:45 PM,05:19 AM,07:01 AM,07:04 PM,24,36,36,31,17,24,67,1.1,1011,30,9,4,13,singapore
2018-12-21 12:00:00,31,26,0.0,10.2,7,94,05:45 PM,05:19 AM,07:01 AM,07:04 PM,24,36,36,31,17,30,68,0.0,1010,31,10,11,14,singapore
2018-12-21 15:00:00,31,26,0.0,10.2,7,94,05:45 PM,05:19 AM,07:01 AM,07:04 PM,24,35,35,30,23,88,72,4.3,1008,30,7,8,13,singapore
2018-12-21 18:00:00,31,26,0.0,10.2,7,94,05:45 PM,05:19 AM,07:01 AM,07:04 PM,24,31,31,27,19,48,82,7.0,1010,27,7,10,10,singapore
2018-12-21 21:00:00,31,26,0.0,10.2,7,94,05:45 PM,05:19 AM,07:01 AM,07:04 PM,24,31,31,28,25,80,79,4.9,1010,28,8,12,14,singapore
2018-12-22 00:00:00,30,25,0.0,11.6,7,100,06:44 PM,06:17 AM,07:02 AM,07:05 PM,24,30,30,27,9,23,84,0.0,1011,26,10,353,6,singapore
2018-12-22 03:00:00,30,25,0.0,11.6,7,100,06:44 PM,06:17 AM,07:02 AM,07:05 PM,24,29,29,26,11,19,86,0.0,1010,25,10,353,8,singapore
2018-12-22 06:00:00,30,25,0.0,11.6,7,100,06:44 PM,06:17 AM,07:02 AM,07:05 PM,24,30,30,26,12,29,85,0.0,1011,26,10,346,8,singapore
2018-12-22 09:00:00,30,25,0.0,11.6,7,100,06:44 PM,06:17 AM,07:02 AM,07:05 PM,24,33,33,29,16,21,77,1.5,1011,28,9,3,11,singapore
2018-12-22 12:00:00,30,25,0.0,11.6,7,100,06:44 PM,06:17 AM,07:02 AM,07:05 PM,24,35,35,30,14,22,71,0.0,1010,30,10,3,12,singapore
2018-12-22 15:00:00,30,25,0.0,11.6,7,100,06:44 PM,06:17 AM,07:02 AM,07:05 PM,23,35,35,30,16,30,66,0.8,1008,30,9,14,13,singapore
2018-12-22 18:00:00,30,25,0.0,11.6,7,100,06:44 PM,06:17 AM,07:02 AM,07:05 PM,23,31,31,27,19,13,80,0.0,1010,27,10,27,12,singapore
2018-12-22 21:00:00,30,25,0.0,11.6,7,100,06:44 PM,06:17 AM,07:02 AM,07:05 PM,23,29,29,26,17,13,83,0.0,1010,26,10,13,10,singapore
2018-12-23 00:00:00,31,25,0.0,11.6,7,100,07:46 PM,07:18 AM,07:02 AM,07:05 PM,24,29,29,26,11,52,86,0.0,1010,26,10,8,7,singapore
2018-12-23 03:00:00,31,25,0.0,11.6,7,100,07:46 PM,07:18 AM,07:02 AM,07:05 PM,24,29,29,26,12,27,89,1.8,1010,25,9,344,8,singapore
2018-12-23 06:00:00,31,25,0.0,11.6,7,100,07:46 PM,07:18 AM,07:02 AM,07:05 PM,24,30,30,26,10,20,87,0.0,1011,26,10,327,8,singapore
2018-12-23 09:00:00,31,25,0.0,11.6,7,100,07:46 PM,07:18 AM,07:02 AM,07:05 PM,24,34,34,30,10,14,70,1.3,1012,29,9,348,8,singapore
2018-12-23 12:00:00,31,25,0.0,11.6,7,100,07:46 PM,07:18 AM,07:02 AM,07:05 PM,23,35,35,31,8,38,62,0.0,1010,31,10,358,7,singapore
2018-12-23 15:00:00,31,25,0.0,11.6,7,100,07:46 PM,07:18 AM,07:02 AM,07:05 PM,23,36,36,31,5,34,64,1.0,1009,30,9,28,4,singapore
2018-12-23 18:00:00,31,25,0.0,11.6,7,100,07:46 PM,07:18 AM,07:02 AM,07:05 PM,23,31,31,27,13,25,77,0.0,1010,27,10,18,8,singapore
2018-12-23 21:00:00,31,25,0.0,11.6,7,100,07:46 PM,07:18 AM,07:02 AM,07:05 PM,23,30,30,27,12,19,80,0.0,1010,26,10,356,8,singapore
2018-12-24 00:00:00,33,25,0.0,11.6,7,84,08:49 PM,08:20 AM,07:03 AM,07:06 PM,23,29,29,26,9,25,83,0.0,1010,25,10,330,6,singapore
2018-12-24 03:00:00,33,25,0.0,11.6,7,84,08:49 PM,08:20 AM,07:03 AM,07:06 PM,23,28,28,26,8,27,85,0.0,1010,25,10,334,5,singapore
2018-12-24 06:00:00,33,25,0.0,11.6,7,84,08:49 PM,08:20 AM,07:03 AM,07:06 PM,23,29,29,26,9,33,81,0.0,1010,26,10,4,7,singapore
2018-12-24 09:00:00,33,25,0.0,11.6,7,84,08:49 PM,08:20 AM,07:03 AM,07:06 PM,23,36,36,31,8,16,60,0.0,1010,31,10,327,7,singapore
2018-12-24 12:00:00,33,25,0.0,11.6,7,84,08:49 PM,08:20 AM,07:03 AM,07:06 PM,23,39,39,34,5,39,53,0.0,1009,33,10,351,5,singapore
2018-12-24 15:00:00,33,25,0.0,11.6,7,84,08:49 PM,08:20 AM,07:03 AM,07:06 PM,23,36,36,31,5,48,63,0.4,1007,31,9,17,4,singapore
2018-12-24 18:00:00,33,25,0.0,11.6,7,84,08:49 PM,08:20 AM,07:03 AM,07:06 PM,24,31,31,28,8,54,80,0.0,1009,27,10,47,5,singapore
2018-12-24 21:00:00,33,25,0.0,11.6,7,84,08:49 PM,08:20 AM,07:03 AM,07:06 PM,24,30,30,27,12,41,84,0.5,1010,26,9,8,7,singapore
2018-12-25 00:00:00,32,25,0.0,11.6,7,77,09:51 PM,09:23 AM,07:03 AM,07:06 PM,24,30,30,27,10,20,86,0.0,1010,26,10,341,6,singapore
2018-12-25 03:00:00,32,25,0.0,11.6,7,77,09:51 PM,09:23 AM,07:03 AM,07:06 PM,24,29,29,26,11,13,87,0.0,1009,25,10,327,8,singapore
2018-12-25 06:00:00,32,25,0.0,11.6,7,77,09:51 PM,09:23 AM,07:03 AM,07:06 PM,24,30,30,27,9,14,85,0.0,1010,26,10,327,7,singapore
2018-12-25 09:00:00,32,25,0.0,11.6,7,77,09:51 PM,09:23 AM,07:03 AM,07:06 PM,23,31,31,28,12,12,77,0.0,1010,28,10,311,9,singapore
2018-12-25 12:00:00,32,25,0.0,11.6,7,77,09:51 PM,09:23 AM,07:03 AM,07:06 PM,23,37,37,33,12,17,56,0.0,1010,32,10,277,10,singapore
2018-12-25 15:00:00,32,25,0.0,11.6,7,77,09:51 PM,09:23 AM,07:03 AM,07:06 PM,23,36,36,31,10,27,63,0.5,1008,31,9,269,8,singapore
2018-12-25 18:00:00,32,25,0.0,11.6,7,77,09:51 PM,09:23 AM,07:03 AM,07:06 PM,24,32,32,28,8,21,79,0.0,1009,27,10,325,5,singapore
2018-12-25 21:00:00,32,25,0.0,11.6,7,77,09:51 PM,09:23 AM,07:03 AM,07:06 PM,24,30,30,27,12,19,82,4.5,1010,26,7,291,7,singapore
2018-12-26 00:00:00,31,25,0.0,11.6,7,69,10:49 PM,10:22 AM,07:04 AM,07:07 PM,23,30,30,27,13,29,83,0.0,1010,26,10,318,8,singapore
2018-12-26 03:00:00,31,25,0.0,11.6,7,69,10:49 PM,10:22 AM,07:04 AM,07:07 PM,23,29,29,26,14,23,84,0.0,1009,25,10,310,9,singapore
2018-12-26 06:00:00,31,25,0.0,11.6,7,69,10:49 PM,10:22 AM,07:04 AM,07:07 PM,23,30,30,27,10,20,82,0.0,1010,26,10,310,8,singapore
2018-12-26 09:00:00,31,25,0.0,11.6,7,69,10:49 PM,10:22 AM,07:04 AM,07:07 PM,23,34,34,30,20,20,66,1.6,1010,30,9,282,14,singapore
2018-12-26 12:00:00,31,25,0.0,11.6,7,69,10:49 PM,10:22 AM,07:04 AM,07:07 PM,24,37,37,31,17,17,63,0.0,1009,31,10,273,15,singapore
2018-12-26 15:00:00,31,25,0.0,11.6,7,69,10:49 PM,10:22 AM,07:04 AM,07:07 PM,24,37,37,31,19,34,67,4.9,1007,31,7,292,10,singapore
2018-12-26 18:00:00,31,25,0.0,11.6,7,69,10:49 PM,10:22 AM,07:04 AM,07:07 PM,24,32,32,28,13,20,79,0.0,1009,27,10,299,8,singapore
2018-12-26 21:00:00,31,25,0.0,11.6,7,69,10:49 PM,10:22 AM,07:04 AM,07:07 PM,24,30,30,27,16,34,82,2.1,1009,27,9,320,10,singapore
2018-12-27 00:00:00,30,26,0.0,8.8,7,62,11:44 PM,11:18 AM,07:04 AM,07:07 PM,24,30,30,27,13,30,84,0.0,1009,26,10,324,8,singapore
2018-12-27 03:00:00,30,26,0.0,8.8,7,62,11:44 PM,11:18 AM,07:04 AM,07:07 PM,23,29,29,26,14,44,85,0.0,1009,26,10,312,9,singapore
2018-12-27 06:00:00,30,26,0.0,8.8,7,62,11:44 PM,11:18 AM,07:04 AM,07:07 PM,23,29,29,27,11,50,81,0.0,1009,26,10,299,8,singapore
2018-12-27 09:00:00,30,26,0.0,8.8,7,62,11:44 PM,11:18 AM,07:04 AM,07:07 PM,22,33,33,29,14,48,66,0.0,1010,29,10,294,12,singapore
2018-12-27 12:00:00,30,26,0.0,8.8,7,62,11:44 PM,11:18 AM,07:04 AM,07:07 PM,24,35,35,30,11,94,67,0.0,1009,30,10,269,9,singapore
2018-12-27 15:00:00,30,26,0.0,8.8,7,62,11:44 PM,11:18 AM,07:04 AM,07:07 PM,24,34,34,30,11,70,71,3.9,1008,29,7,287,6,singapore
2018-12-27 18:00:00,30,26,0.0,8.8,7,62,11:44 PM,11:18 AM,07:04 AM,07:07 PM,24,31,31,27,10,50,80,0.0,1009,27,10,296,6,singapore
2018-12-27 21:00:00,30,26,0.0,8.8,7,62,11:44 PM,11:18 AM,07:04 AM,07:07 PM,24,30,30,27,10,50,83,0.5,1009,26,10,301,6,singapore
2018-12-28 00:00:00,32,25,0.0,11.6,7,55,No moonrise,12:10 PM,07:05 AM,07:08 PM,24,30,30,26,10,33,86,0.0,1009,26,10,343,6,singapore
2018-12-28 03:00:00,32,25,0.0,11.6,7,55,No moonrise,12:10 PM,07:05 AM,07:08 PM,23,29,29,26,10,32,86,0.7,1009,25,9,305,6,singapore
2018-12-28 06:00:00,32,25,0.0,11.6,7,55,No moonrise,12:10 PM,07:05 AM,07:08 PM,23,30,30,27,10,27,82,0.0,1010,26,10,292,8,singapore
2018-12-28 09:00:00,32,25,0.0,11.6,7,55,No moonrise,12:10 PM,07:05 AM,07:08 PM,23,35,35,31,15,21,63,0.0,1010,30,10,277,13,singapore
2018-12-28 12:00:00,32,25,0.0,11.6,7,55,No moonrise,12:10 PM,07:05 AM,07:08 PM,23,37,37,32,13,29,60,0.0,1008,32,10,273,11,singapore
2018-12-28 15:00:00,32,25,0.0,11.6,7,55,No moonrise,12:10 PM,07:05 AM,07:08 PM,24,37,37,32,8,18,62,1.4,1007,31,9,294,6,singapore
2018-12-28 18:00:00,32,25,0.0,11.6,7,55,No moonrise,12:10 PM,07:05 AM,07:08 PM,24,32,32,28,7,20,81,0.0,1009,27,10,334,4,singapore
2018-12-28 21:00:00,32,25,0.0,11.6,7,55,No moonrise,12:10 PM,07:05 AM,07:08 PM,24,30,30,27,11,28,83,0.8,1010,26,9,19,7,singapore
2018-12-29 00:00:00,31,25,0.0,11.6,7,48,12:35 AM,01:00 PM,07:05 AM,07:08 PM,24,30,30,26,11,32,86,0.0,1010,26,10,360,7,singapore
2018-12-29 03:00:00,31,25,0.0,11.6,7,48,12:35 AM,01:00 PM,07:05 AM,07:08 PM,23,29,29,26,13,28,87,0.0,1009,25,10,349,8,singapore
2018-12-29 06:00:00,31,25,0.0,11.6,7,48,12:35 AM,01:00 PM,07:05 AM,07:08 PM,24,30,30,27,8,31,83,0.0,1011,26,10,297,6,singapore
2018-12-29 09:00:00,31,25,0.0,11.6,7,48,12:35 AM,01:00 PM,07:05 AM,07:08 PM,23,35,35,30,7,24,66,0.1,1011,30,10,294,6,singapore
2018-12-29 12:00:00,31,25,0.0,11.6,7,48,12:35 AM,01:00 PM,07:05 AM,07:08 PM,23,37,37,32,9,34,61,0.0,1010,31,10,282,8,singapore
2018-12-29 15:00:00,31,25,0.0,11.6,7,48,12:35 AM,01:00 PM,07:05 AM,07:08 PM,23,36,36,31,10,28,63,0.0,1009,31,10,279,8,singapore
2018-12-29 18:00:00,31,25,0.0,11.6,7,48,12:35 AM,01:00 PM,07:05 AM,07:08 PM,24,32,32,28,5,30,76,0.0,1010,28,10,295,3,singapore
2018-12-29 21:00:00,31,25,0.0,11.6,7,48,12:35 AM,01:00 PM,07:05 AM,07:08 PM,24,31,31,27,10,38,80,0.0,1011,27,10,334,6,singapore
2018-12-30 00:00:00,33,26,0.0,10.2,6,40,01:25 AM,01:48 PM,07:05 AM,07:09 PM,24,30,30,27,12,84,83,0.0,1011,26,10,333,8,singapore
2018-12-30 03:00:00,33,26,0.0,10.2,6,40,01:25 AM,01:48 PM,07:05 AM,07:09 PM,23,29,29,26,15,74,85,0.0,1011,26,10,336,10,singapore
2018-12-30 06:00:00,33,26,0.0,10.2,6,40,01:25 AM,01:48 PM,07:05 AM,07:09 PM,24,30,30,27,14,57,83,0.0,1012,27,10,341,10,singapore
2018-12-30 09:00:00,33,26,0.0,10.2,6,40,01:25 AM,01:48 PM,07:05 AM,07:09 PM,23,35,35,31,14,37,65,0.0,1012,30,10,333,12,singapore
2018-12-30 12:00:00,33,26,0.0,10.2,6,40,01:25 AM,01:48 PM,07:05 AM,07:09 PM,23,39,39,33,9,70,57,0.0,1011,33,10,315,8,singapore
2018-12-30 15:00:00,33,26,0.0,10.2,6,40,01:25 AM,01:48 PM,07:05 AM,07:09 PM,24,36,36,31,17,21,70,4.7,1010,30,7,359,9,singapore
2018-12-30 18:00:00,33,26,0.0,10.2,6,40,01:25 AM,01:48 PM,07:05 AM,07:09 PM,25,32,32,27,11,19,85,0.0,1011,27,10,26,7,singapore
2018-12-30 21:00:00,33,26,0.0,10.2,6,40,01:25 AM,01:48 PM,07:05 AM,07:09 PM,24,30,30,26,18,14,87,1.5,1012,26,9,356,11,singapore
2018-12-31 00:00:00,30,25,0.0,11.6,7,36,02:13 AM,02:34 PM,07:06 AM,07:09 PM,24,30,30,26,15,23,88,0.0,1012,26,10,354,10,singapore
2018-12-31 03:00:00,30,25,0.0,11.6,7,36,02:13 AM,02:34 PM,07:06 AM,07:09 PM,24,29,29,26,18,19,89,1.5,1012,25,9,342,12,singapore
2018-12-31 06:00:00,30,25,0.0,11.6,7,36,02:13 AM,02:34 PM,07:06 AM,07:09 PM,24,30,30,27,14,16,86,0.0,1013,26,10,338,10,singapore
2018-12-31 09:00:00,30,25,0.0,11.6,7,36,02:13 AM,02:34 PM,07:06 AM,07:09 PM,24,34,34,29,20,22,72,0.6,1013,29,9,334,16,singapore
2018-12-31 12:00:00,30,25,0.0,11.6,7,36,02:13 AM,02:34 PM,07:06 AM,07:09 PM,24,36,36,31,15,40,69,0.0,1012,30,10,3,13,singapore
2018-12-31 15:00:00,30,25,0.0,11.6,7,36,02:13 AM,02:34 PM,07:06 AM,07:09 PM,24,35,35,30,19,46,70,3.9,1010,30,7,6,11,singapore
2018-12-31 18:00:00,30,25,0.0,11.6,7,36,02:13 AM,02:34 PM,07:06 AM,07:09 PM,24,30,30,27,16,45,84,0.0,1012,26,10,356,10,singapore
2018-12-31 21:00:00,30,25,0.0,11.6,7,36,02:13 AM,02:34 PM,07:06 AM,07:09 PM,23,29,29,26,19,28,85,1.3,1013,26,9,341,12,singapore
2019-01-01 00:00:00,32,26,0.0,8.8,6,26,03:01 AM,03:22 PM,07:06 AM,07:10 PM,23,30,30,27,23,59,81,1.4,1012,27,10,347,15,singapore
2019-01-01 03:00:00,32,26,0.0,8.8,6,26,03:01 AM,03:22 PM,07:06 AM,07:10 PM,23,29,29,26,22,55,82,1.0,1011,26,9,333,14,singapore
2019-01-01 06:00:00,32,26,0.0,8.8,6,26,03:01 AM,03:22 PM,07:06 AM,07:10 PM,23,29,29,26,19,20,81,0.0,1011,26,10,314,13,singapore
2019-01-01 09:00:00,32,26,0.0,8.8,6,26,03:01 AM,03:22 PM,07:06 AM,07:10 PM,23,30,30,27,18,16,76,0.0,1012,27,10,304,13,singapore
2019-01-01 12:00:00,32,26,0.0,8.8,6,26,03:01 AM,03:22 PM,07:06 AM,07:10 PM,22,34,34,30,14,32,62,0.0,1012,30,10,319,12,singapore
2019-01-01 15:00:00,32,26,0.0,8.8,6,26,03:01 AM,03:22 PM,07:06 AM,07:10 PM,23,36,36,32,14,70,60,0.0,1011,32,10,312,10,singapore
2019-01-01 18:00:00,32,26,0.0,8.8,6,26,03:01 AM,03:22 PM,07:06 AM,07:10 PM,24,35,35,30,15,82,69,0.2,1010,30,10,297,10,singapore
2019-01-01 21:00:00,32,26,0.0,8.8,6,26,03:01 AM,03:22 PM,07:06 AM,07:10 PM,24,32,32,28,16,84,77,0.7,1011,28,9,301,10,singapore
2019-01-02 00:00:00,31,27,0.0,10.2,6,19,03:49 AM,04:09 PM,07:07 AM,07:10 PM,23,31,31,27,17,84,79,0.7,1011,27,9,310,12,singapore
2019-01-02 03:00:00,31,27,0.0,10.2,6,19,03:49 AM,04:09 PM,07:07 AM,07:10 PM,23,30,30,27,22,81,81,0.6,1010,27,9,292,15,singapore
2019-01-02 06:00:00,31,27,0.0,10.2,6,19,03:49 AM,04:09 PM,07:07 AM,07:10 PM,23,30,30,27,28,84,82,0.8,1010,27,9,291,18,singapore
2019-01-02 09:00:00,31,27,0.0,10.2,6,19,03:49 AM,04:09 PM,07:07 AM,07:10 PM,23,31,31,28,24,60,76,1.3,1011,28,10,295,17,singapore
2019-01-02 12:00:00,31,27,0.0,10.2,6,19,03:49 AM,04:09 PM,07:07 AM,07:10 PM,22,33,33,30,22,47,62,0.0,1012,30,10,310,17,singapore
2019-01-02 15:00:00,31,27,0.0,10.2,6,19,03:49 AM,04:09 PM,07:07 AM,07:10 PM,23,35,35,31,22,78,63,0.0,1010,31,10,290,15,singapore
2019-01-02 18:00:00,31,27,0.0,10.2,6,19,03:49 AM,04:09 PM,07:07 AM,07:10 PM,24,34,34,29,24,59,72,0.4,1009,29,10,270,16,singapore
2019-01-02 21:00:00,31,27,0.0,10.2,6,19,03:49 AM,04:09 PM,07:07 AM,07:10 PM,24,32,32,28,30,78,81,0.7,1010,28,9,275,19,singapore
2019-01-03 00:00:00,31,27,0.0,11.6,6,11,04:38 AM,04:58 PM,07:07 AM,07:11 PM,24,31,31,27,29,80,83,0.5,1011,27,9,279,19,singapore
2019-01-03 03:00:00,31,27,0.0,11.6,6,11,04:38 AM,04:58 PM,07:07 AM,07:11 PM,24,31,31,27,31,63,84,0.7,1010,27,9,274,20,singapore
2019-01-03 06:00:00,31,27,0.0,11.6,6,11,04:38 AM,04:58 PM,07:07 AM,07:11 PM,24,31,31,27,32,41,84,0.0,1010,27,10,275,21,singapore
2019-01-03 09:00:00,31,27,0.0,11.6,6,11,04:38 AM,04:58 PM,07:07 AM,07:11 PM,24,32,32,28,30,39,80,0.0,1011,28,10,272,21,singapore
2019-01-03 12:00:00,31,27,0.0,11.6,6,11,04:38 AM,04:58 PM,07:07 AM,07:11 PM,24,36,36,30,31,18,70,0.0,1011,30,10,269,24,singapore
2019-01-03 15:00:00,31,27,0.0,11.6,6,11,04:38 AM,04:58 PM,07:07 AM,07:11 PM,24,37,37,31,39,5,64,0.0,1010,31,10,269,29,singapore
2019-01-03 18:00:00,31,27,0.0,11.6,6,11,04:38 AM,04:58 PM,07:07 AM,07:11 PM,23,35,35,30,41,8,67,0.0,1009,30,10,277,28,singapore
2019-01-03 21:00:00,31,27,0.0,11.6,6,11,04:38 AM,04:58 PM,07:07 AM,07:11 PM,23,32,32,28,35,11,75,0.0,1010,28,10,287,22,singapore
2019-01-04 00:00:00,32,27,0.0,11.6,7,4,05:28 AM,05:47 PM,07:08 AM,07:11 PM,23,31,31,28,32,12,77,0.0,1011,28,10,292,20,singapore
2019-01-04 03:00:00,32,27,0.0,11.6,7,4,05:28 AM,05:47 PM,07:08 AM,07:11 PM,23,30,30,27,31,11,79,0.0,1010,27,10,289,20,singapore
2019-01-04 06:00:00,32,27,0.0,11.6,7,4,05:28 AM,05:47 PM,07:08 AM,07:11 PM,23,30,30,27,30,10,81,0.0,1011,27,10,290,19,singapore
2019-01-04 09:00:00,32,27,0.0,11.6,7,4,05:28 AM,05:47 PM,07:08 AM,07:11 PM,23,32,32,28,27,11,77,0.0,1012,28,10,283,19,singapore
2019-01-04 12:00:00,32,27,0.0,11.6,7,4,05:28 AM,05:47 PM,07:08 AM,07:11 PM,23,35,35,31,25,9,65,0.0,1012,31,10,266,19,singapore
2019-01-04 15:00:00,32,27,0.0,11.6,7,4,05:28 AM,05:47 PM,07:08 AM,07:11 PM,23,36,36,32,28,13,60,0.0,1011,32,10,261,21,singapore
2019-01-04 18:00:00,32,27,0.0,11.6,7,4,05:28 AM,05:47 PM,07:08 AM,07:11 PM,23,35,35,31,26,15,62,0.0,1010,31,10,268,17,singapore
2019-01-04 21:00:00,32,27,0.0,11.6,7,4,05:28 AM,05:47 PM,07:08 AM,07:11 PM,23,33,33,29,21,38,69,0.3,1011,29,10,290,13,singapore
2019-01-05 00:00:00,31,27,0.0,6.0,6,0,06:17 AM,06:37 PM,07:08 AM,07:11 PM,23,31,31,28,15,83,74,1.2,1012,28,10,227,10,singapore
2019-01-05 03:00:00,31,27,0.0,6.0,6,0,06:17 AM,06:37 PM,07:08 AM,07:11 PM,23,31,31,27,10,80,78,1.1,1011,27,10,72,7,singapore
2019-01-05 06:00:00,31,27,0.0,6.0,6,0,06:17 AM,06:37 PM,07:08 AM,07:11 PM,23,31,31,27,10,62,80,0.2,1011,27,10,133,7,singapore
2019-01-05 09:00:00,31,27,0.0,6.0,6,0,06:17 AM,06:37 PM,07:08 AM,07:11 PM,23,32,32,28,6,63,75,0.2,1012,28,10,135,5,singapore
2019-01-05 12:00:00,31,27,0.0,6.0,6,0,06:17 AM,06:37 PM,07:08 AM,07:11 PM,23,35,35,31,6,74,64,0.1,1012,31,10,105,6,singapore
2019-01-05 15:00:00,31,27,0.0,6.0,6,0,06:17 AM,06:37 PM,07:08 AM,07:11 PM,23,36,36,31,12,82,63,0.5,1011,31,10,91,10,singapore
2019-01-05 18:00:00,31,27,0.0,6.0,6,0,06:17 AM,06:37 PM,07:08 AM,07:11 PM,24,35,35,29,21,83,74,1.4,1010,29,9,57,14,singapore
2019-01-05 21:00:00,31,27,0.0,6.0,6,0,06:17 AM,06:37 PM,07:08 AM,07:11 PM,24,32,32,28,22,56,83,1.1,1011,28,9,41,14,singapore
2019-01-06 00:00:00,30,27,0.0,6.0,6,0,07:08 AM,07:27 PM,07:09 AM,07:12 PM,25,32,32,27,18,41,85,0.1,1012,27,10,38,12,singapore
2019-01-06 03:00:00,30,27,0.0,6.0,6,0,07:08 AM,07:27 PM,07:09 AM,07:12 PM,25,31,31,27,17,84,87,0.2,1011,27,9,32,12,singapore
2019-01-06 06:00:00,30,27,0.0,6.0,6,0,07:08 AM,07:27 PM,07:09 AM,07:12 PM,24,31,31,27,17,78,87,0.4,1011,27,10,24,12,singapore
2019-01-06 09:00:00,30,27,0.0,6.0,6,0,07:08 AM,07:27 PM,07:09 AM,07:12 PM,24,32,32,28,18,79,83,1.3,1012,28,9,26,13,singapore
2019-01-06 12:00:00,30,27,0.0,6.0,6,0,07:08 AM,07:27 PM,07:09 AM,07:12 PM,24,34,34,29,22,73,75,2.3,1012,29,9,39,14,singapore
2019-01-06 15:00:00,30,27,0.0,6.0,6,0,07:08 AM,07:27 PM,07:09 AM,07:12 PM,25,35,35,30,27,78,75,3.0,1010,30,7,45,17,singapore
2019-01-06 18:00:00,30,27,0.0,6.0,6,0,07:08 AM,07:27 PM,07:09 AM,07:12 PM,25,34,34,29,28,77,79,2.6,1010,29,7,38,18,singapore
2019-01-06 21:00:00,30,27,0.0,6.0,6,0,07:08 AM,07:27 PM,07:09 AM,07:12 PM,24,32,32,28,26,61,83,1.8,1011,28,8,29,16,singapore
2019-01-07 00:00:00,30,27,0.0,8.8,7,3,07:57 AM,08:15 PM,07:09 AM,07:12 PM,24,31,31,27,23,33,84,0.0,1012,27,10,23,15,singapore
2019-01-07 03:00:00,30,27,0.0,8.8,7,3,07:57 AM,08:15 PM,07:09 AM,07:12 PM,24,30,30,27,23,42,85,0.0,1011,27,10,21,15,singapore
2019-01-07 06:00:00,30,27,0.0,8.8,7,3,07:57 AM,08:15 PM,07:09 AM,07:12 PM,24,30,30,27,21,54,86,0.0,1011,27,10,22,14,singapore
2019-01-07 09:00:00,30,27,0.0,8.8,7,3,07:57 AM,08:15 PM,07:09 AM,07:12 PM,24,32,32,28,19,54,81,0.0,1012,28,10,28,14,singapore
2019-01-07 12:00:00,30,27,0.0,8.8,7,3,07:57 AM,08:15 PM,07:09 AM,07:12 PM,24,35,35,30,23,51,71,0.0,1011,30,10,50,19,singapore
2019-01-07 15:00:00,30,27,0.0,8.8,7,3,07:57 AM,08:15 PM,07:09 AM,07:12 PM,24,36,36,30,27,86,69,0.1,1010,30,10,54,22,singapore
2019-01-07 18:00:00,30,27,0.0,8.8,7,3,07:57 AM,08:15 PM,07:09 AM,07:12 PM,24,34,34,29,28,83,74,0.1,1009,29,10,51,21,singapore
2019-01-07 21:00:00,30,27,0.0,8.8,7,3,07:57 AM,08:15 PM,07:09 AM,07:12 PM,24,32,32,28,25,70,82,0.1,1011,28,10,44,17,singapore
2019-01-08 00:00:00,29,27,0.0,6.0,6,10,08:44 AM,09:03 PM,07:10 AM,07:13 PM,24,31,31,27,23,55,84,0.0,1011,27,10,44,15,singapore
2019-01-08 03:00:00,29,27,0.0,6.0,6,10,08:44 AM,09:03 PM,07:10 AM,07:13 PM,24,31,31,27,21,68,85,0.1,1011,27,10,46,14,singapore
2019-01-08 06:00:00,29,27,0.0,6.0,6,10,08:44 AM,09:03 PM,07:10 AM,07:13 PM,24,31,31,27,19,83,85,0.0,1011,27,10,34,13,singapore
2019-01-08 09:00:00,29,27,0.0,6.0,6,10,08:44 AM,09:03 PM,07:10 AM,07:13 PM,24,31,31,27,22,84,83,1.0,1011,27,9,26,15,singapore
2019-01-08 12:00:00,29,27,0.0,6.0,6,10,08:44 AM,09:03 PM,07:10 AM,07:13 PM,24,33,33,29,34,72,75,4.7,1011,29,6,42,19,singapore
2019-01-08 15:00:00,29,27,0.0,6.0,6,10,08:44 AM,09:03 PM,07:10 AM,07:13 PM,24,34,34,29,39,74,74,8.0,1010,29,4,38,19,singapore
2019-01-08 18:00:00,29,27,0.0,6.0,6,10,08:44 AM,09:03 PM,07:10 AM,07:13 PM,24,32,32,28,34,79,79,7.2,1010,28,7,31,17,singapore
2019-01-08 21:00:00,29,27,0.0,6.0,6,10,08:44 AM,09:03 PM,07:10 AM,07:13 PM,24,31,31,27,30,67,83,4.9,1010,27,8,23,16,singapore
2019-01-09 00:00:00,30,27,0.0,6.0,7,18,09:30 AM,09:48 PM,07:10 AM,07:13 PM,24,31,31,27,21,42,85,0.0,1011,27,10,19,14,singapore
2019-01-09 03:00:00,30,27,0.0,6.0,7,18,09:30 AM,09:48 PM,07:10 AM,07:13 PM,24,31,31,27,19,64,86,0.3,1011,27,10,13,13,singapore
2019-01-09 06:00:00,30,27,0.0,6.0,7,18,09:30 AM,09:48 PM,07:10 AM,07:13 PM,24,30,30,27,20,84,87,2.2,1010,27,9,18,12,singapore
2019-01-09 09:00:00,30,27,0.0,6.0,7,18,09:30 AM,09:48 PM,07:10 AM,07:13 PM,24,31,31,27,29,82,84,4.7,1011,27,7,26,16,singapore
2019-01-09 12:00:00,30,27,0.0,6.0,7,18,09:30 AM,09:48 PM,07:10 AM,07:13 PM,24,34,34,29,36,87,75,5.6,1011,29,6,33,19,singapore
2019-01-09 15:00:00,30,27,0.0,6.0,7,18,09:30 AM,09:48 PM,07:10 AM,07:13 PM,24,35,35,30,37,84,72,5.7,1010,30,5,41,21,singapore
2019-01-09 18:00:00,30,27,0.0,6.0,7,18,09:30 AM,09:48 PM,07:10 AM,07:13 PM,24,33,33,29,30,80,76,2.0,1009,29,10,42,21,singapore
2019-01-09 21:00:00,30,27,0.0,6.0,7,18,09:30 AM,09:48 PM,07:10 AM,07:13 PM,24,32,32,28,26,70,81,1.3,1010,28,10,37,17,singapore
2019-01-10 00:00:00,30,27,0.0,8.8,6,25,10:14 AM,10:32 PM,07:10 AM,07:14 PM,24,31,31,27,23,52,83,0.0,1011,27,10,32,16,singapore
2019-01-10 03:00:00,30,27,0.0,8.8,6,25,10:14 AM,10:32 PM,07:10 AM,07:14 PM,24,31,31,27,24,47,84,0.1,1010,27,10,24,17,singapore
2019-01-10 06:00:00,30,27,0.0,8.8,6,25,10:14 AM,10:32 PM,07:10 AM,07:14 PM,24,30,30,27,27,34,83,0.0,1010,27,10,21,18,singapore
2019-01-10 09:00:00,30,27,0.0,8.8,6,25,10:14 AM,10:32 PM,07:10 AM,07:14 PM,24,32,32,28,27,52,79,0.2,1011,28,10,24,19,singapore
2019-01-10 12:00:00,30,27,0.0,8.8,6,25,10:14 AM,10:32 PM,07:10 AM,07:14 PM,24,35,35,30,27,63,69,0.7,1011,30,10,36,22,singapore
2019-01-10 15:00:00,30,27,0.0,8.8,6,25,10:14 AM,10:32 PM,07:10 AM,07:14 PM,24,35,35,30,30,68,69,0.5,1009,30,10,41,23,singapore
2019-01-10 18:00:00,30,27,0.0,8.8,6,25,10:14 AM,10:32 PM,07:10 AM,07:14 PM,24,34,34,29,30,39,74,0.0,1008,29,9,38,22,singapore
2019-01-10 21:00:00,30,27,0.0,8.8,6,25,10:14 AM,10:32 PM,07:10 AM,07:14 PM,24,32,32,28,25,55,80,0.0,1010,28,10,30,17,singapore
2019-01-11 00:00:00,30,27,0.0,11.6,6,32,10:57 AM,11:16 PM,07:11 AM,07:14 PM,24,31,31,27,25,55,82,0.1,1011,27,10,22,17,singapore
2019-01-11 03:00:00,30,27,0.0,11.6,6,32,10:57 AM,11:16 PM,07:11 AM,07:14 PM,24,31,31,27,24,61,83,0.2,1010,27,10,12,16,singapore
2019-01-11 06:00:00,30,27,0.0,11.6,6,32,10:57 AM,11:16 PM,07:11 AM,07:14 PM,24,30,30,27,22,66,82,0.2,1010,27,10,14,15,singapore
2019-01-11 09:00:00,30,27,0.0,11.6,6,32,10:57 AM,11:16 PM,07:11 AM,07:14 PM,23,31,31,28,22,59,77,0.2,1011,28,9,26,16,singapore
2019-01-11 12:00:00,30,27,0.0,11.6,6,32,10:57 AM,11:16 PM,07:11 AM,07:14 PM,23,34,34,30,22,23,68,0.0,1011,30,10,37,19,singapore
2019-01-11 15:00:00,30,27,0.0,11.6,6,32,10:57 AM,11:16 PM,07:11 AM,07:14 PM,23,34,34,30,26,19,66,0.0,1010,30,10,39,21,singapore
2019-01-11 18:00:00,30,27,0.0,11.6,6,32,10:57 AM,11:16 PM,07:11 AM,07:14 PM,23,32,32,29,28,13,71,0.0,1009,29,10,30,20,singapore
2019-01-11 21:00:00,30,27,0.0,11.6,6,32,10:57 AM,11:16 PM,07:11 AM,07:14 PM,23,30,30,27,26,19,77,0.0,1010,27,10,18,18,singapore
2019-01-12 00:00:00,31,26,0.0,11.6,7,39,11:39 AM,11:58 PM,07:11 AM,07:14 PM,23,30,30,27,24,44,81,0.0,1011,27,10,8,17,singapore
2019-01-12 03:00:00,31,26,0.0,11.6,7,39,11:39 AM,11:58 PM,07:11 AM,07:14 PM,23,29,29,26,23,49,83,0.0,1011,26,10,3,16,singapore
2019-01-12 06:00:00,31,26,0.0,11.6,7,39,11:39 AM,11:58 PM,07:11 AM,07:14 PM,23,29,29,26,22,37,84,0.0,1010,26,10,2,15,singapore
2019-01-12 09:00:00,31,26,0.0,11.6,7,39,11:39 AM,11:58 PM,07:11 AM,07:14 PM,23,30,30,27,19,28,78,0.0,1011,27,10,5,14,singapore
2019-01-12 12:00:00,31,26,0.0,11.6,7,39,11:39 AM,11:58 PM,07:11 AM,07:14 PM,23,34,34,30,15,21,65,0.0,1011,30,10,22,13,singapore
2019-01-12 15:00:00,31,26,0.0,11.6,7,39,11:39 AM,11:58 PM,07:11 AM,07:14 PM,23,35,35,31,20,22,62,0.0,1010,31,10,37,16,singapore
2019-01-12 18:00:00,31,26,0.0,11.6,7,39,11:39 AM,11:58 PM,07:11 AM,07:14 PM,23,34,34,30,25,35,69,0.0,1009,30,10,34,19,singapore
2019-01-12 21:00:00,31,26,0.0,11.6,7,39,11:39 AM,11:58 PM,07:11 AM,07:14 PM,23,31,31,27,27,64,80,0.1,1010,27,10,25,19,singapore
2019-01-13 00:00:00,31,26,0.0,6.0,7,47,12:21 PM,No moonset,07:12 AM,07:15 PM,24,30,30,27,23,42,83,0.0,1011,27,10,14,16,singapore
2019-01-13 03:00:00,31,26,0.0,6.0,7,47,12:21 PM,No moonset,07:12 AM,07:15 PM,23,29,29,26,20,45,84,0.0,1011,26,10,6,14,singapore
2019-01-13 06:00:00,31,26,0.0,6.0,7,47,12:21 PM,No moonset,07:12 AM,07:15 PM,23,29,29,26,19,52,85,0.0,1010,26,10,123,13,singapore
2019-01-13 09:00:00,31,26,0.0,6.0,7,47,12:21 PM,No moonset,07:12 AM,07:15 PM,23,31,31,27,18,68,79,0.1,1011,27,10,246,13,singapore
2019-01-13 12:00:00,31,26,0.0,6.0,7,47,12:21 PM,No moonset,07:12 AM,07:15 PM,23,34,34,30,20,81,67,1.5,1011,30,8,23,15,singapore
2019-01-13 15:00:00,31,26,0.0,6.0,7,47,12:21 PM,No moonset,07:12 AM,07:15 PM,23,35,35,31,25,77,65,3.0,1009,31,8,32,15,singapore
2019-01-13 18:00:00,31,26,0.0,6.0,7,47,12:21 PM,No moonset,07:12 AM,07:15 PM,24,34,34,30,25,83,69,1.7,1008,30,9,33,17,singapore
2019-01-13 21:00:00,31,26,0.0,6.0,7,47,12:21 PM,No moonset,07:12 AM,07:15 PM,24,32,32,28,25,71,79,1.2,1009,28,9,25,17,singapore
2019-01-14 00:00:00,29,27,0.0,8.8,6,54,01:04 PM,12:41 AM,07:12 AM,07:15 PM,24,31,31,27,22,56,82,0.6,1010,27,10,17,15,singapore
2019-01-14 03:00:00,29,27,0.0,8.8,6,54,01:04 PM,12:41 AM,07:12 AM,07:15 PM,24,30,30,27,26,83,84,2.8,1009,27,8,16,16,singapore
2019-01-14 06:00:00,29,27,0.0,8.8,6,54,01:04 PM,12:41 AM,07:12 AM,07:15 PM,24,30,30,27,34,82,85,6.0,1009,27,6,15,18,singapore
2019-01-14 09:00:00,29,27,0.0,8.8,6,54,01:04 PM,12:41 AM,07:12 AM,07:15 PM,24,31,31,27,28,72,81,5.6,1009,27,5,7,16,singapore
2019-01-14 12:00:00,29,27,0.0,8.8,6,54,01:04 PM,12:41 AM,07:12 AM,07:15 PM,23,34,34,29,19,52,71,1.8,1010,29,9,8,14,singapore
2019-01-14 15:00:00,29,27,0.0,8.8,6,54,01:04 PM,12:41 AM,07:12 AM,07:15 PM,24,33,33,29,27,59,73,4.5,1009,29,7,14,15,singapore
2019-01-14 18:00:00,29,27,0.0,8.8,6,54,01:04 PM,12:41 AM,07:12 AM,07:15 PM,24,32,32,28,28,73,77,3.9,1008,28,7,17,16,singapore
2019-01-14 21:00:00,29,27,0.0,8.8,6,54,01:04 PM,12:41 AM,07:12 AM,07:15 PM,24,31,31,27,24,60,82,2.8,1009,27,8,17,14,singapore
2019-01-15 00:00:00,31,26,0.0,11.6,7,61,01:49 PM,01:26 AM,07:12 AM,07:16 PM,24,30,30,27,21,43,84,0.0,1010,27,10,10,14,singapore
2019-01-15 03:00:00,31,26,0.0,11.6,7,61,01:49 PM,01:26 AM,07:12 AM,07:16 PM,24,30,30,27,21,50,85,0.0,1009,27,10,123,14,singapore
2019-01-15 06:00:00,31,26,0.0,11.6,7,61,01:49 PM,01:26 AM,07:12 AM,07:16 PM,24,30,30,26,21,46,86,0.0,1009,26,10,356,14,singapore
2019-01-15 09:00:00,31,26,0.0,11.6,7,61,01:49 PM,01:26 AM,07:12 AM,07:16 PM,24,31,31,27,20,39,81,0.0,1010,27,10,234,14,singapore
2019-01-15 12:00:00,31,26,0.0,11.6,7,61,01:49 PM,01:26 AM,07:12 AM,07:16 PM,23,33,33,30,17,39,68,0.0,1010,30,10,5,14,singapore
2019-01-15 15:00:00,31,26,0.0,11.6,7,61,01:49 PM,01:26 AM,07:12 AM,07:16 PM,23,35,35,31,17,36,61,0.0,1008,31,10,11,13,singapore
2019-01-15 18:00:00,31,26,0.0,11.6,7,61,01:49 PM,01:26 AM,07:12 AM,07:16 PM,23,34,34,30,19,14,65,0.0,1008,30,10,12,14,singapore
2019-01-15 21:00:00,31,26,0.0,11.6,7,61,01:49 PM,01:26 AM,07:12 AM,07:16 PM,23,32,32,28,20,10,73,0.0,1009,28,10,124,14,singapore
2019-01-16 00:00:00,30,26,0.0,10.2,7,69,02:36 PM,02:13 AM,07:13 AM,07:16 PM,23,30,30,27,21,18,76,0.0,1010,27,10,351,14,singapore
2019-01-16 03:00:00,30,26,0.0,10.2,7,69,02:36 PM,02:13 AM,07:13 AM,07:16 PM,23,30,30,27,23,30,79,0.0,1009,27,10,349,15,singapore
2019-01-16 06:00:00,30,26,0.0,10.2,7,69,02:36 PM,02:13 AM,07:13 AM,07:16 PM,23,29,29,26,22,42,80,0.0,1009,26,10,341,15,singapore
2019-01-16 09:00:00,30,26,0.0,10.2,7,69,02:36 PM,02:13 AM,07:13 AM,07:16 PM,23,30,30,27,22,34,77,0.0,1010,27,10,338,16,singapore
2019-01-16 12:00:00,30,26,0.0,10.2,7,69,02:36 PM,02:13 AM,07:13 AM,07:16 PM,23,34,34,30,19,37,69,0.4,1010,30,10,234,15,singapore
2019-01-16 15:00:00,30,26,0.0,10.2,7,69,02:36 PM,02:13 AM,07:13 AM,07:16 PM,24,35,35,30,22,52,68,2.0,1008,30,9,5,15,singapore
2019-01-16 18:00:00,30,26,0.0,10.2,7,69,02:36 PM,02:13 AM,07:13 AM,07:16 PM,24,33,33,29,33,65,75,5.4,1007,29,6,2,18,singapore
2019-01-16 21:00:00,30,26,0.0,10.2,7,69,02:36 PM,02:13 AM,07:13 AM,07:16 PM,24,31,31,27,40,86,81,8.5,1009,27,3,1,19,singapore
2019-01-17 00:00:00,28,26,0.0,6.0,6,76,03:28 PM,03:03 AM,07:13 AM,07:16 PM,23,30,30,27,41,92,81,10.6,1010,27,3,118,19,singapore
2019-01-17 03:00:00,28,26,0.0,6.0,6,76,03:28 PM,03:03 AM,07:13 AM,07:16 PM,23,29,29,26,34,100,82,12.0,1009,26,4,348,17,singapore
2019-01-17 06:00:00,28,26,0.0,6.0,6,76,03:28 PM,03:03 AM,07:13 AM,07:16 PM,23,29,29,26,24,93,83,4.3,1008,26,7,338,15,singapore
2019-01-17 09:00:00,28,26,0.0,6.0,6,76,03:28 PM,03:03 AM,07:13 AM,07:16 PM,23,30,30,27,27,74,81,4.3,1009,27,7,343,15,singapore
2019-01-17 12:00:00,28,26,0.0,6.0,6,76,03:28 PM,03:03 AM,07:13 AM,07:16 PM,24,32,32,28,33,68,77,6.3,1009,28,6,234,18,singapore
2019-01-17 15:00:00,28,26,0.0,6.0,6,76,03:28 PM,03:03 AM,07:13 AM,07:16 PM,24,32,32,28,38,77,77,9.4,1008,28,4,6,18,singapore
2019-01-17 18:00:00,28,26,0.0,6.0,6,76,03:28 PM,03:03 AM,07:13 AM,07:16 PM,24,31,31,27,38,67,81,6.4,1008,27,6,10,19,singapore
2019-01-17 21:00:00,28,26,0.0,6.0,6,76,03:28 PM,03:03 AM,07:13 AM,07:16 PM,24,30,30,27,34,67,85,5.6,1009,27,5,13,18,singapore
2019-01-18 00:00:00,29,26,0.0,6.0,6,83,04:24 PM,03:58 AM,07:13 AM,07:17 PM,24,30,30,26,26,85,86,0.2,1010,26,10,15,18,singapore
2019-01-18 03:00:00,29,26,0.0,6.0,6,83,04:24 PM,03:58 AM,07:13 AM,07:17 PM,24,29,29,26,27,80,87,0.6,1009,26,10,13,18,singapore
2019-01-18 06:00:00,29,26,0.0,6.0,6,83,04:24 PM,03:58 AM,07:13 AM,07:17 PM,24,29,29,26,35,83,88,5.5,1008,26,8,11,21,singapore
2019-01-18 09:00:00,29,26,0.0,6.0,6,83,04:24 PM,03:58 AM,07:13 AM,07:17 PM,24,29,29,26,42,91,86,9.6,1010,26,5,11,23,singapore
2019-01-18 12:00:00,29,26,0.0,6.0,6,83,04:24 PM,03:58 AM,07:13 AM,07:17 PM,24,32,32,28,30,73,78,0.4,1010,28,10,14,23,singapore
2019-01-18 15:00:00,29,26,0.0,6.0,6,83,04:24 PM,03:58 AM,07:13 AM,07:17 PM,23,33,33,29,32,66,72,0.4,1008,29,10,19,25,singapore
2019-01-18 18:00:00,29,26,0.0,6.0,6,83,04:24 PM,03:58 AM,07:13 AM,07:17 PM,23,32,32,28,34,82,73,0.1,1008,28,10,18,24,singapore
2019-01-18 21:00:00,29,26,0.0,6.0,6,83,04:24 PM,03:58 AM,07:13 AM,07:17 PM,23,31,31,27,32,71,76,0.1,1009,27,10,14,21,singapore
2019-01-19 00:00:00,30,27,0.0,8.8,7,90,05:24 PM,04:56 AM,07:14 AM,07:17 PM,23,30,30,27,29,43,78,0.0,1010,27,10,12,19,singapore
2019-01-19 03:00:00,30,27,0.0,8.8,7,90,05:24 PM,04:56 AM,07:14 AM,07:17 PM,23,30,30,27,27,53,80,0.0,1009,27,10,123,18,singapore
2019-01-19 06:00:00,30,27,0.0,8.8,7,90,05:24 PM,04:56 AM,07:14 AM,07:17 PM,23,30,30,27,26,58,81,0.0,1008,27,10,355,17,singapore
2019-01-19 09:00:00,30,27,0.0,8.8,7,90,05:24 PM,04:56 AM,07:14 AM,07:17 PM,23,31,31,27,25,62,78,0.0,1009,27,10,240,18,singapore
2019-01-19 12:00:00,30,27,0.0,8.8,7,90,05:24 PM,04:56 AM,07:14 AM,07:17 PM,23,34,34,29,23,62,70,0.0,1009,29,10,11,18,singapore
2019-01-19 15:00:00,30,27,0.0,8.8,7,90,05:24 PM,04:56 AM,07:14 AM,07:17 PM,23,35,35,30,27,58,68,0.1,1008,30,10,18,20,singapore
2019-01-19 18:00:00,30,27,0.0,8.8,7,90,05:24 PM,04:56 AM,07:14 AM,07:17 PM,23,33,33,29,30,29,71,0.0,1007,29,10,16,22,singapore
2019-01-19 21:00:00,30,27,0.0,8.8,7,90,05:24 PM,04:56 AM,07:14 AM,07:17 PM,23,31,31,27,30,35,78,0.0,1009,27,10,9,20,singapore
2019-01-20 00:00:00,30,27,0.0,10.2,7,98,06:27 PM,05:58 AM,07:14 AM,07:17 PM,24,30,30,27,28,37,82,0.0,1010,27,10,7,19,singapore
2019-01-20 03:00:00,30,27,0.0,10.2,7,98,06:27 PM,05:58 AM,07:14 AM,07:17 PM,24,30,30,27,28,46,83,0.0,1009,27,10,124,19,singapore
2019-01-20 06:00:00,30,27,0.0,10.2,7,98,06:27 PM,05:58 AM,07:14 AM,07:17 PM,24,30,30,27,27,52,83,0.0,1009,27,10,356,18,singapore
2019-01-20 09:00:00,30,27,0.0,10.2,7,98,06:27 PM,05:58 AM,07:14 AM,07:17 PM,24,31,31,28,24,56,79,0.0,1010,28,10,236,18,singapore
2019-01-20 12:00:00,30,27,0.0,10.2,7,98,06:27 PM,05:58 AM,07:14 AM,07:17 PM,24,35,35,30,25,44,69,0.0,1011,30,10,13,21,singapore
2019-01-20 15:00:00,30,27,0.0,10.2,7,98,06:27 PM,05:58 AM,07:14 AM,07:17 PM,24,35,35,30,29,48,69,0.6,1009,30,10,20,22,singapore
2019-01-20 18:00:00,30,27,0.0,10.2,7,98,06:27 PM,05:58 AM,07:14 AM,07:17 PM,24,33,33,29,33,68,75,1.9,1008,29,10,18,22,singapore
2019-01-20 21:00:00,30,27,0.0,10.2,7,98,06:27 PM,05:58 AM,07:14 AM,07:17 PM,24,31,31,28,30,66,79,1.3,1009,28,9,17,20,singapore
2019-01-21 00:00:00,31,27,0.0,10.2,7,100,07:31 PM,07:02 AM,07:14 AM,07:18 PM,24,31,31,28,27,45,80,0.0,1010,28,10,14,19,singapore
2019-01-21 03:00:00,31,27,0.0,10.2,7,100,07:31 PM,07:02 AM,07:14 AM,07:18 PM,24,31,31,27,26,44,81,0.0,1009,27,10,125,18,singapore
2019-01-21 06:00:00,31,27,0.0,10.2,7,100,07:31 PM,07:02 AM,07:14 AM,07:18 PM,24,30,30,27,26,45,83,0.0,1009,27,10,350,18,singapore
2019-01-21 09:00:00,31,27,0.0,10.2,7,100,07:31 PM,07:02 AM,07:14 AM,07:18 PM,24,31,31,27,30,51,80,1.4,1011,27,9,349,19,singapore
2019-01-21 12:00:00,31,27,0.0,10.2,7,100,07:31 PM,07:02 AM,07:14 AM,07:18 PM,23,34,34,30,37,77,69,4.6,1011,30,7,241,21,singapore
2019-01-21 15:00:00,31,27,0.0,10.2,7,100,07:31 PM,07:02 AM,07:14 AM,07:18 PM,23,36,36,31,37,59,62,3.7,1010,31,8,13,22,singapore
2019-01-21 18:00:00,31,27,0.0,10.2,7,100,07:31 PM,07:02 AM,07:14 AM,07:18 PM,23,33,33,30,34,12,66,0.0,1009,30,10,17,24,singapore
2019-01-21 21:00:00,31,27,0.0,10.2,7,100,07:31 PM,07:02 AM,07:14 AM,07:18 PM,23,30,30,27,33,15,76,0.0,1011,27,10,12,23,singapore
2019-01-22 00:00:00,30,26,0.0,6.0,6,88,08:32 PM,08:04 AM,07:14 AM,07:18 PM,23,30,30,27,29,37,80,0.5,1012,27,10,6,19,singapore
2019-01-22 03:00:00,30,26,0.0,6.0,6,88,08:32 PM,08:04 AM,07:14 AM,07:18 PM,23,29,29,26,27,76,80,1.1,1012,26,9,3,18,singapore
2019-01-22 06:00:00,30,26,0.0,6.0,6,88,08:32 PM,08:04 AM,07:14 AM,07:18 PM,23,29,29,26,24,77,80,0.4,1011,26,9,2,16,singapore
2019-01-22 09:00:00,30,26,0.0,6.0,6,88,08:32 PM,08:04 AM,07:14 AM,07:18 PM,23,30,30,27,20,63,77,0.9,1012,27,10,119,14,singapore
2019-01-22 12:00:00,30,26,0.0,6.0,6,88,08:32 PM,08:04 AM,07:14 AM,07:18 PM,23,33,33,29,21,74,70,2.0,1012,29,9,243,14,singapore
2019-01-22 15:00:00,30,26,0.0,6.0,6,88,08:32 PM,08:04 AM,07:14 AM,07:18 PM,23,34,34,30,27,81,69,2.5,1011,30,8,20,18,singapore
2019-01-22 18:00:00,30,26,0.0,6.0,6,88,08:32 PM,08:04 AM,07:14 AM,07:18 PM,23,32,32,28,31,96,76,2.8,1010,28,7,18,19,singapore
2019-01-22 21:00:00,30,26,0.0,6.0,6,88,08:32 PM,08:04 AM,07:14 AM,07:18 PM,23,31,31,27,31,78,79,1.9,1011,27,8,19,19,singapore
2019-01-23 00:00:00,30,27,0.0,8.8,7,81,09:31 PM,09:04 AM,07:15 AM,07:18 PM,23,30,30,27,27,51,80,0.0,1012,27,10,14,18,singapore
2019-01-23 03:00:00,30,27,0.0,8.8,7,81,09:31 PM,09:04 AM,07:15 AM,07:18 PM,23,30,30,27,26,45,81,0.0,1012,27,10,7,17,singapore
2019-01-23 06:00:00,30,27,0.0,8.8,7,81,09:31 PM,09:04 AM,07:15 AM,07:18 PM,23,30,30,27,25,53,82,0.0,1011,27,10,6,17,singapore
2019-01-23 09:00:00,30,27,0.0,8.8,7,81,09:31 PM,09:04 AM,07:15 AM,07:18 PM,23,31,31,28,24,49,77,0.0,1011,28,10,10,18,singapore
2019-01-23 12:00:00,30,27,0.0,8.8,7,81,09:31 PM,09:04 AM,07:15 AM,07:18 PM,23,34,34,30,24,49,68,0.2,1012,30,10,19,19,singapore
2019-01-23 15:00:00,30,27,0.0,8.8,7,81,09:31 PM,09:04 AM,07:15 AM,07:18 PM,24,34,34,30,34,78,71,1.9,1010,30,8,24,23,singapore
2019-01-23 18:00:00,30,27,0.0,8.8,7,81,09:31 PM,09:04 AM,07:15 AM,07:18 PM,24,32,32,28,43,82,77,5.3,1010,28,7,25,23,singapore
2019-01-23 21:00:00,30,27,0.0,8.8,7,81,09:31 PM,09:04 AM,07:15 AM,07:18 PM,23,30,30,27,42,71,81,5.0,1011,27,8,26,22,singapore
2019-01-24 00:00:00,30,27,0.0,10.2,6,73,10:26 PM,10:00 AM,07:15 AM,07:19 PM,23,30,30,27,36,76,80,0.2,1012,27,9,25,24,singapore
2019-01-24 03:00:00,30,27,0.0,10.2,6,73,10:26 PM,10:00 AM,07:15 AM,07:19 PM,23,30,30,27,32,82,80,0.1,1011,27,9,25,22,singapore
2019-01-24 06:00:00,30,27,0.0,10.2,6,73,10:26 PM,10:00 AM,07:15 AM,07:19 PM,23,29,29,27,29,70,80,0.0,1011,27,10,24,19,singapore
2019-01-24 09:00:00,30,27,0.0,10.2,6,73,10:26 PM,10:00 AM,07:15 AM,07:19 PM,23,31,31,27,28,62,76,0.0,1012,27,10,26,20,singapore
2019-01-24 12:00:00,30,27,0.0,10.2,6,73,10:26 PM,10:00 AM,07:15 AM,07:19 PM,23,33,33,30,27,51,67,0.0,1012,30,10,33,23,singapore
2019-01-24 15:00:00,30,27,0.0,10.2,6,73,10:26 PM,10:00 AM,07:15 AM,07:19 PM,23,34,34,30,29,32,66,0.0,1011,30,10,36,24,singapore
2019-01-24 18:00:00,30,27,0.0,10.2,6,73,10:26 PM,10:00 AM,07:15 AM,07:19 PM,23,32,32,29,32,45,70,0.1,1010,29,10,31,24,singapore
2019-01-24 21:00:00,30,27,0.0,10.2,6,73,10:26 PM,10:00 AM,07:15 AM,07:19 PM,23,30,30,27,31,34,76,0.0,1011,27,10,25,22,singapore
2019-01-25 00:00:00,30,26,0.0,7.4,7,66,11:19 PM,10:53 AM,07:15 AM,07:19 PM,23,30,30,27,28,36,77,0.0,1012,27,10,20,19,singapore
2019-01-25 03:00:00,30,26,0.0,7.4,7,66,11:19 PM,10:53 AM,07:15 AM,07:19 PM,22,29,29,27,26,41,78,0.0,1012,27,10,17,18,singapore
2019-01-25 06:00:00,30,26,0.0,7.4,7,66,11:19 PM,10:53 AM,07:15 AM,07:19 PM,22,29,29,26,27,37,79,0.0,1011,26,10,14,19,singapore
2019-01-25 09:00:00,30,26,0.0,7.4,7,66,11:19 PM,10:53 AM,07:15 AM,07:19 PM,22,30,30,27,26,49,75,0.0,1013,27,10,13,19,singapore
2019-01-25 12:00:00,30,26,0.0,7.4,7,66,11:19 PM,10:53 AM,07:15 AM,07:19 PM,22,33,33,29,26,68,67,0.1,1013,29,10,21,21,singapore
2019-01-25 15:00:00,30,26,0.0,7.4,7,66,11:19 PM,10:53 AM,07:15 AM,07:19 PM,23,33,33,30,28,86,66,0.3,1011,30,10,27,23,singapore
2019-01-25 18:00:00,30,26,0.0,7.4,7,66,11:19 PM,10:53 AM,07:15 AM,07:19 PM,22,32,32,29,30,83,69,0.3,1010,29,10,24,23,singapore
2019-01-25 21:00:00,30,26,0.0,7.4,7,66,11:19 PM,10:53 AM,07:15 AM,07:19 PM,22,30,30,27,30,63,73,0.2,1012,27,9,20,21,singapore
2019-01-26 00:00:00,30,26,0.0,11.6,7,59,No moonrise,11:43 AM,07:15 AM,07:19 PM,22,29,29,27,29,21,76,0.0,1013,27,10,19,20,singapore
2019-01-26 03:00:00,30,26,0.0,11.6,7,59,No moonrise,11:43 AM,07:15 AM,07:19 PM,23,29,29,26,30,37,79,0.0,1013,26,10,21,21,singapore
2019-01-26 06:00:00,30,26,0.0,11.6,7,59,No moonrise,11:43 AM,07:15 AM,07:19 PM,23,29,29,26,29,45,80,0.0,1012,26,10,19,20,singapore
2019-01-26 09:00:00,30,26,0.0,11.6,7,59,No moonrise,11:43 AM,07:15 AM,07:19 PM,23,30,30,27,26,41,77,0.0,1012,27,10,21,19,singapore
2019-01-26 12:00:00,30,26,0.0,11.6,7,59,No moonrise,11:43 AM,07:15 AM,07:19 PM,23,33,33,29,23,32,67,0.0,1012,29,10,22,19,singapore
2019-01-26 15:00:00,30,26,0.0,11.6,7,59,No moonrise,11:43 AM,07:15 AM,07:19 PM,23,34,34,30,26,29,64,0.0,1011,30,10,31,21,singapore
2019-01-26 18:00:00,30,26,0.0,11.6,7,59,No moonrise,11:43 AM,07:15 AM,07:19 PM,23,33,33,29,31,33,69,0.0,1010,29,10,32,24,singapore
2019-01-26 21:00:00,30,26,0.0,11.6,7,59,No moonrise,11:43 AM,07:15 AM,07:19 PM,23,30,30,27,34,33,77,0.0,1011,27,10,25,24,singapore
2019-01-27 00:00:00,30,27,0.0,8.8,7,51,12:09 AM,12:31 PM,07:16 AM,07:19 PM,23,30,30,27,33,40,79,0.0,1013,27,10,23,23,singapore
2019-01-27 03:00:00,30,27,0.0,8.8,7,51,12:09 AM,12:31 PM,07:16 AM,07:19 PM,23,29,29,27,32,41,80,0.0,1012,27,10,18,22,singapore
2019-01-27 06:00:00,30,27,0.0,8.8,7,51,12:09 AM,12:31 PM,07:16 AM,07:19 PM,23,30,30,27,32,40,81,0.0,1011,27,10,16,22,singapore
2019-01-27 09:00:00,30,27,0.0,8.8,7,51,12:09 AM,12:31 PM,07:16 AM,07:19 PM,23,31,31,28,29,37,77,0.0,1012,28,10,15,22,singapore
2019-01-27 12:00:00,30,27,0.0,8.8,7,51,12:09 AM,12:31 PM,07:16 AM,07:19 PM,23,34,34,30,26,40,67,0.2,1012,30,10,18,22,singapore
2019-01-27 15:00:00,30,27,0.0,8.8,7,51,12:09 AM,12:31 PM,07:16 AM,07:19 PM,23,35,35,30,31,71,66,1.5,1011,30,8,23,22,singapore
2019-01-27 18:00:00,30,27,0.0,8.8,7,51,12:09 AM,12:31 PM,07:16 AM,07:19 PM,24,33,33,29,37,75,74,3.4,1010,29,7,21,22,singapore
2019-01-27 21:00:00,30,27,0.0,8.8,7,51,12:09 AM,12:31 PM,07:16 AM,07:19 PM,23,30,30,27,36,76,81,2.5,1011,27,8,16,22,singapore
2019-01-28 00:00:00,29,26,0.0,6.0,6,44,12:58 AM,01:20 PM,07:16 AM,07:19 PM,23,30,30,27,29,72,82,0.0,1012,27,10,14,20,singapore
2019-01-28 03:00:00,29,26,0.0,6.0,6,44,12:58 AM,01:20 PM,07:16 AM,07:19 PM,23,30,30,26,31,85,83,0.0,1011,26,10,17,21,singapore
2019-01-28 06:00:00,29,26,0.0,6.0,6,44,12:58 AM,01:20 PM,07:16 AM,07:19 PM,23,29,29,26,28,92,83,0.0,1010,26,10,11,19,singapore
2019-01-28 09:00:00,29,26,0.0,6.0,6,44,12:58 AM,01:20 PM,07:16 AM,07:19 PM,23,30,30,27,24,86,80,0.0,1012,27,10,11,18,singapore
2019-01-28 12:00:00,29,26,0.0,6.0,6,44,12:58 AM,01:20 PM,07:16 AM,07:19 PM,24,33,33,29,25,75,74,0.7,1012,29,10,19,19,singapore
2019-01-28 15:00:00,29,26,0.0,6.0,6,44,12:58 AM,01:20 PM,07:16 AM,07:19 PM,24,33,33,28,31,70,76,2.5,1011,28,9,20,20,singapore
2019-01-28 18:00:00,29,26,0.0,6.0,6,44,12:58 AM,01:20 PM,07:16 AM,07:19 PM,24,31,31,28,32,76,80,3.9,1010,28,7,18,19,singapore
2019-01-28 21:00:00,29,26,0.0,6.0,6,44,12:58 AM,01:20 PM,07:16 AM,07:19 PM,24,30,30,27,29,70,83,3.0,1011,27,8,16,17,singapore
2019-01-29 00:00:00,30,26,0.0,7.4,6,37,01:47 AM,02:07 PM,07:16 AM,07:20 PM,24,30,30,27,27,79,84,0.1,1012,27,10,18,18,singapore
2019-01-29 03:00:00,30,26,0.0,7.4,6,37,01:47 AM,02:07 PM,07:16 AM,07:20 PM,24,30,30,27,27,85,84,0.0,1011,27,10,19,19,singapore
2019-01-29 06:00:00,30,26,0.0,7.4,6,37,01:47 AM,02:07 PM,07:16 AM,07:20 PM,24,30,30,26,26,86,85,0.0,1010,26,10,13,18,singapore
2019-01-29 09:00:00,30,26,0.0,7.4,6,37,01:47 AM,02:07 PM,07:16 AM,07:20 PM,24,31,31,27,25,68,80,0.0,1011,27,10,15,19,singapore
2019-01-29 12:00:00,30,26,0.0,7.4,6,37,01:47 AM,02:07 PM,07:16 AM,07:20 PM,23,34,34,29,26,61,70,0.2,1011,29,10,30,22,singapore
2019-01-29 15:00:00,30,26,0.0,7.4,6,37,01:47 AM,02:07 PM,07:16 AM,07:20 PM,24,34,34,30,31,64,69,1.5,1010,30,8,35,22,singapore
2019-01-29 18:00:00,30,26,0.0,7.4,6,37,01:47 AM,02:07 PM,07:16 AM,07:20 PM,24,33,33,29,36,52,75,4.1,1010,29,7,33,21,singapore
2019-01-29 21:00:00,30,26,0.0,7.4,6,37,01:47 AM,02:07 PM,07:16 AM,07:20 PM,24,31,31,27,34,55,81,3.9,1011,27,8,25,19,singapore
2019-01-30 00:00:00,30,26,0.0,10.2,7,30,02:35 AM,02:55 PM,07:16 AM,07:20 PM,24,30,30,27,28,59,82,0.1,1012,27,10,21,19,singapore
2019-01-30 03:00:00,30,26,0.0,10.2,7,30,02:35 AM,02:55 PM,07:16 AM,07:20 PM,23,30,30,27,28,52,82,0.0,1012,27,10,19,19,singapore
2019-01-30 06:00:00,30,26,0.0,10.2,7,30,02:35 AM,02:55 PM,07:16 AM,07:20 PM,23,30,30,26,27,50,83,0.0,1011,26,10,13,19,singapore
2019-01-30 09:00:00,30,26,0.0,10.2,7,30,02:35 AM,02:55 PM,07:16 AM,07:20 PM,23,31,31,27,25,47,79,0.0,1012,27,10,15,18,singapore
2019-01-30 12:00:00,30,26,0.0,10.2,7,30,02:35 AM,02:55 PM,07:16 AM,07:20 PM,23,33,33,29,24,53,69,0.0,1012,29,10,27,19,singapore
2019-01-30 15:00:00,30,26,0.0,10.2,7,30,02:35 AM,02:55 PM,07:16 AM,07:20 PM,23,34,34,30,28,65,66,0.1,1010,30,10,31,22,singapore
2019-01-30 18:00:00,30,26,0.0,10.2,7,30,02:35 AM,02:55 PM,07:16 AM,07:20 PM,23,33,33,29,28,28,71,0.0,1009,29,10,29,21,singapore
2019-01-30 21:00:00,30,26,0.0,10.2,7,30,02:35 AM,02:55 PM,07:16 AM,07:20 PM,23,30,30,27,27,36,78,0.0,1011,27,10,23,19,singapore
2019-01-31 00:00:00,30,26,0.0,11.6,7,26,03:25 AM,03:45 PM,07:16 AM,07:20 PM,23,30,30,27,25,39,81,0.0,1012,27,10,22,17,singapore
2019-01-31 03:00:00,30,26,0.0,11.6,7,26,03:25 AM,03:45 PM,07:16 AM,07:20 PM,23,29,29,26,22,55,82,0.0,1012,26,10,19,15,singapore
2019-01-31 06:00:00,30,26,0.0,11.6,7,26,03:25 AM,03:45 PM,07:16 AM,07:20 PM,23,29,29,26,20,67,83,0.1,1012,26,10,12,14,singapore
2019-01-31 09:00:00,30,26,0.0,11.6,7,26,03:25 AM,03:45 PM,07:16 AM,07:20 PM,23,30,30,27,19,52,78,0.0,1013,27,10,23,14,singapore
2019-01-31 12:00:00,30,26,0.0,11.6,7,26,03:25 AM,03:45 PM,07:16 AM,07:20 PM,23,33,33,29,19,48,68,0.0,1013,29,10,47,16,singapore
2019-01-31 15:00:00,30,26,0.0,11.6,7,26,03:25 AM,03:45 PM,07:16 AM,07:20 PM,23,35,35,30,22,45,66,0.1,1011,30,10,53,18,singapore
2019-01-31 18:00:00,30,26,0.0,11.6,7,26,03:25 AM,03:45 PM,07:16 AM,07:20 PM,23,33,33,29,25,56,71,0.1,1010,29,9,47,19,singapore
2019-01-31 21:00:00,30,26,0.0,11.6,7,26,03:25 AM,03:45 PM,07:16 AM,07:20 PM,24,31,31,27,25,33,80,0.0,1011,27,10,34,18,singapore
2019-02-01 00:00:00,30,27,0.0,7.4,7,8,04:14 AM,04:33 PM,07:16 AM,07:20 PM,24,30,30,27,22,46,82,0.0,1012,27,10,25,15,singapore
2019-02-01 03:00:00,30,27,0.0,7.4,7,8,04:14 AM,04:33 PM,07:16 AM,07:20 PM,23,30,30,27,22,49,82,0.0,1012,27,10,21,15,singapore
2019-02-01 06:00:00,30,27,0.0,7.4,7,8,04:14 AM,04:33 PM,07:16 AM,07:20 PM,23,30,30,27,21,53,83,0.0,1011,27,10,19,15,singapore
2019-02-01 09:00:00,30,27,0.0,7.4,7,8,04:14 AM,04:33 PM,07:16 AM,07:20 PM,23,31,31,28,22,57,78,0.4,1012,28,10,21,16,singapore
2019-02-01 12:00:00,30,27,0.0,7.4,7,8,04:14 AM,04:33 PM,07:16 AM,07:20 PM,23,34,34,30,26,77,68,1.2,1013,30,10,31,19,singapore
2019-02-01 15:00:00,30,27,0.0,7.4,7,8,04:14 AM,04:33 PM,07:16 AM,07:20 PM,23,34,34,30,28,87,66,1.1,1011,30,9,39,21,singapore
2019-02-01 18:00:00,30,27,0.0,7.4,7,8,04:14 AM,04:33 PM,07:16 AM,07:20 PM,23,33,33,29,27,85,72,0.7,1010,29,9,36,21,singapore
2019-02-01 21:00:00,30,27,0.0,7.4,7,8,04:14 AM,04:33 PM,07:16 AM,07:20 PM,23,31,31,27,26,68,79,0.5,1011,27,9,30,18,singapore
2019-02-02 00:00:00,31,26,0.0,7.4,7,1,05:04 AM,05:23 PM,07:16 AM,07:20 PM,23,30,30,27,23,50,82,0.0,1012,27,10,27,16,singapore
2019-02-02 03:00:00,31,26,0.0,7.4,7,1,05:04 AM,05:23 PM,07:16 AM,07:20 PM,24,30,30,27,22,62,84,0.0,1011,27,10,25,15,singapore
2019-02-02 06:00:00,31,26,0.0,7.4,7,1,05:04 AM,05:23 PM,07:16 AM,07:20 PM,24,30,30,26,20,68,85,0.0,1010,26,10,22,14,singapore
2019-02-02 09:00:00,31,26,0.0,7.4,7,1,05:04 AM,05:23 PM,07:16 AM,07:20 PM,24,31,31,27,18,61,79,0.0,1012,27,10,27,13,singapore
2019-02-02 12:00:00,31,26,0.0,7.4,7,1,05:04 AM,05:23 PM,07:16 AM,07:20 PM,23,34,34,30,17,56,68,0.1,1012,30,10,43,14,singapore
2019-02-02 15:00:00,31,26,0.0,7.4,7,1,05:04 AM,05:23 PM,07:16 AM,07:20 PM,24,36,36,31,21,76,67,0.4,1010,31,9,48,17,singapore
2019-02-02 18:00:00,31,26,0.0,7.4,7,1,05:04 AM,05:23 PM,07:16 AM,07:20 PM,24,34,34,29,24,62,72,0.4,1009,29,9,44,18,singapore
2019-02-02 21:00:00,31,26,0.0,7.4,7,1,05:04 AM,05:23 PM,07:16 AM,07:20 PM,24,32,32,28,24,34,80,0.0,1010,28,10,37,16,singapore
2019-02-03 00:00:00,30,27,0.0,6.0,7,0,05:53 AM,06:12 PM,07:17 AM,07:21 PM,24,31,31,27,20,46,82,0.0,1012,27,10,31,14,singapore
2019-02-03 03:00:00,30,27,0.0,6.0,7,0,05:53 AM,06:12 PM,07:17 AM,07:21 PM,24,31,31,27,18,54,83,0.0,1011,27,10,27,12,singapore
2019-02-03 06:00:00,30,27,0.0,6.0,7,0,05:53 AM,06:12 PM,07:17 AM,07:21 PM,24,30,30,27,17,58,85,0.0,1011,27,10,14,12,singapore
2019-02-03 09:00:00,30,27,0.0,6.0,7,0,05:53 AM,06:12 PM,07:17 AM,07:21 PM,24,31,31,28,17,63,81,0.0,1012,28,10,17,13,singapore
2019-02-03 12:00:00,30,27,0.0,6.0,7,0,05:53 AM,06:12 PM,07:17 AM,07:21 PM,24,34,34,30,21,80,71,0.2,1012,30,10,41,17,singapore
2019-02-03 15:00:00,30,27,0.0,6.0,7,0,05:53 AM,06:12 PM,07:17 AM,07:21 PM,24,35,35,30,25,74,69,0.4,1011,30,9,44,20,singapore
2019-02-03 18:00:00,30,27,0.0,6.0,7,0,05:53 AM,06:12 PM,07:17 AM,07:21 PM,24,34,34,29,26,74,72,0.2,1010,29,9,41,20,singapore
2019-02-03 21:00:00,30,27,0.0,6.0,7,0,05:53 AM,06:12 PM,07:17 AM,07:21 PM,24,31,31,28,25,77,80,0.1,1011,28,9,29,17,singapore
2019-02-04 00:00:00,31,26,0.0,10.2,7,0,06:41 AM,06:59 PM,07:17 AM,07:21 PM,24,31,31,27,23,65,83,0.0,1013,27,10,21,16,singapore
2019-02-04 03:00:00,31,26,0.0,10.2,7,0,06:41 AM,06:59 PM,07:17 AM,07:21 PM,24,30,30,27,23,60,85,0.0,1012,27,10,13,16,singapore
2019-02-04 06:00:00,31,26,0.0,10.2,7,0,06:41 AM,06:59 PM,07:17 AM,07:21 PM,24,30,30,26,22,57,85,0.0,1011,26,10,8,15,singapore
2019-02-04 09:00:00,31,26,0.0,10.2,7,0,06:41 AM,06:59 PM,07:17 AM,07:21 PM,24,31,31,28,21,52,80,0.0,1013,28,10,14,15,singapore
2019-02-04 12:00:00,31,26,0.0,10.2,7,0,06:41 AM,06:59 PM,07:17 AM,07:21 PM,23,35,35,30,21,37,68,0.0,1013,30,10,32,16,singapore
2019-02-04 15:00:00,31,26,0.0,10.2,7,0,06:41 AM,06:59 PM,07:17 AM,07:21 PM,23,36,36,31,23,41,63,0.1,1011,31,10,39,18,singapore
2019-02-04 18:00:00,31,26,0.0,10.2,7,0,06:41 AM,06:59 PM,07:17 AM,07:21 PM,23,34,34,30,25,80,68,0.3,1010,30,9,36,19,singapore
2019-02-04 21:00:00,31,26,0.0,10.2,7,0,06:41 AM,06:59 PM,07:17 AM,07:21 PM,23,31,31,28,24,53,78,0.2,1012,28,10,27,17,singapore
2019-02-05 00:00:00,31,26,0.0,10.2,7,0,07:27 AM,07:46 PM,07:17 AM,07:21 PM,23,30,30,27,24,13,81,0.0,1013,27,10,18,16,singapore
2019-02-05 03:00:00,31,26,0.0,10.2,7,0,07:27 AM,07:46 PM,07:17 AM,07:21 PM,23,30,30,27,25,18,82,0.0,1012,27,10,11,17,singapore
2019-02-05 06:00:00,31,26,0.0,10.2,7,0,07:27 AM,07:46 PM,07:17 AM,07:21 PM,23,29,29,26,22,36,83,0.0,1012,26,10,6,15,singapore
2019-02-05 09:00:00,31,26,0.0,10.2,7,0,07:27 AM,07:46 PM,07:17 AM,07:21 PM,23,30,30,27,20,46,78,0.0,1013,27,13,8,15,singapore
2019-02-05 12:00:00,31,26,0.0,10.2,7,0,07:27 AM,07:46 PM,07:17 AM,07:21 PM,23,34,34,30,19,41,66,0.0,1013,30,19,19,16,singapore
2019-02-05 15:00:00,31,26,0.0,10.2,7,0,07:27 AM,07:46 PM,07:17 AM,07:21 PM,23,35,35,31,19,50,61,0.1,1011,31,16,32,17,singapore
2019-02-05 18:00:00,31,26,0.0,10.2,7,0,07:27 AM,07:46 PM,07:17 AM,07:21 PM,23,34,34,30,23,73,66,0.4,1010,30,9,34,18,singapore
2019-02-05 21:00:00,31,26,0.0,10.2,7,0,07:27 AM,07:46 PM,07:17 AM,07:21 PM,23,31,31,28,27,52,77,0.3,1011,28,10,28,19,singapore
2019-02-06 00:00:00,31,26,0.0,11.6,7,7,08:12 AM,08:30 PM,07:17 AM,07:21 PM,23,30,30,27,25,16,81,0.0,1012,27,10,23,18,singapore
2019-02-06 03:00:00,31,26,0.0,11.6,7,7,08:12 AM,08:30 PM,07:17 AM,07:21 PM,23,29,29,26,25,34,83,0.0,1012,26,10,20,17,singapore
2019-02-06 06:00:00,31,26,0.0,11.6,7,7,08:12 AM,08:30 PM,07:17 AM,07:21 PM,23,29,29,26,24,33,82,0.0,1011,26,10,18,17,singapore
2019-02-06 09:00:00,31,26,0.0,11.6,7,7,08:12 AM,08:30 PM,07:17 AM,07:21 PM,22,30,30,27,20,27,76,0.0,1012,27,10,19,15,singapore
2019-02-06 12:00:00,31,26,0.0,11.6,7,7,08:12 AM,08:30 PM,07:17 AM,07:21 PM,22,34,34,30,15,14,62,0.0,1012,30,10,30,14,singapore
2019-02-06 15:00:00,31,26,0.0,11.6,7,7,08:12 AM,08:30 PM,07:17 AM,07:21 PM,22,35,35,31,17,32,58,0.0,1010,31,10,42,14,singapore
2019-02-06 18:00:00,31,26,0.0,11.6,7,7,08:12 AM,08:30 PM,07:17 AM,07:21 PM,23,33,33,30,26,37,66,0.0,1008,30,10,46,19,singapore
2019-02-06 21:00:00,31,26,0.0,11.6,7,7,08:12 AM,08:30 PM,07:17 AM,07:21 PM,23,31,31,27,28,15,77,0.0,1010,27,10,33,20,singapore
2019-02-07 00:00:00,32,26,0.0,11.6,7,14,08:55 AM,09:14 PM,07:17 AM,07:21 PM,23,30,30,27,21,48,81,0.0,1012,27,10,28,14,singapore
2019-02-07 03:00:00,32,26,0.0,11.6,7,14,08:55 AM,09:14 PM,07:17 AM,07:21 PM,23,29,29,26,18,60,83,0.0,1011,26,10,22,12,singapore
2019-02-07 06:00:00,32,26,0.0,11.6,7,14,08:55 AM,09:14 PM,07:17 AM,07:21 PM,23,29,29,26,17,47,83,0.0,1011,26,10,10,12,singapore
2019-02-07 09:00:00,32,26,0.0,11.6,7,14,08:55 AM,09:14 PM,07:17 AM,07:21 PM,23,31,31,27,17,25,77,0.0,1012,27,10,6,13,singapore
2019-02-07 12:00:00,32,26,0.0,11.6,7,14,08:55 AM,09:14 PM,07:17 AM,07:21 PM,23,35,35,30,15,31,63,0.0,1013,30,10,25,13,singapore
2019-02-07 15:00:00,32,26,0.0,11.6,7,14,08:55 AM,09:14 PM,07:17 AM,07:21 PM,23,36,36,32,17,54,59,0.0,1010,32,10,44,14,singapore
2019-02-07 18:00:00,32,26,0.0,11.6,7,14,08:55 AM,09:14 PM,07:17 AM,07:21 PM,23,34,34,30,25,52,65,0.0,1009,30,10,44,19,singapore
2019-02-07 21:00:00,32,26,0.0,11.6,7,14,08:55 AM,09:14 PM,07:17 AM,07:21 PM,23,31,31,28,26,30,75,0.0,1011,28,10,36,18,singapore
2019-02-08 00:00:00,32,26,0.0,7.4,7,22,09:38 AM,09:56 PM,07:17 AM,07:21 PM,24,31,31,27,21,40,81,0.0,1013,27,10,28,15,singapore
2019-02-08 03:00:00,32,26,0.0,7.4,7,22,09:38 AM,09:56 PM,07:17 AM,07:21 PM,24,30,30,26,21,67,85,0.0,1011,26,10,14,14,singapore
2019-02-08 06:00:00,32,26,0.0,7.4,7,22,09:38 AM,09:56 PM,07:17 AM,07:21 PM,24,29,29,26,18,76,86,0.0,1011,26,10,124,13,singapore
2019-02-08 09:00:00,32,26,0.0,7.4,7,22,09:38 AM,09:56 PM,07:17 AM,07:21 PM,24,31,31,27,16,76,80,0.0,1013,27,10,245,12,singapore
2019-02-08 12:00:00,32,26,0.0,7.4,7,22,09:38 AM,09:56 PM,07:17 AM,07:21 PM,23,35,35,30,15,61,66,0.0,1013,30,10,28,13,singapore
2019-02-08 15:00:00,32,26,0.0,7.4,7,22,09:38 AM,09:56 PM,07:17 AM,07:21 PM,23,37,37,32,20,40,60,0.0,1010,32,10,47,17,singapore
2019-02-08 18:00:00,32,26,0.0,7.4,7,22,09:38 AM,09:56 PM,07:17 AM,07:21 PM,23,35,35,30,24,75,66,0.1,1009,30,10,39,18,singapore
2019-02-08 21:00:00,32,26,0.0,7.4,7,22,09:38 AM,09:56 PM,07:17 AM,07:21 PM,24,32,32,28,22,64,75,0.1,1011,28,10,29,15,singapore
2019-02-09 00:00:00,30,27,0.0,6.0,7,29,10:19 AM,10:39 PM,07:17 AM,07:21 PM,24,32,32,28,17,35,78,0.0,1012,28,10,12,12,singapore
2019-02-09 03:00:00,30,27,0.0,6.0,7,29,10:19 AM,10:39 PM,07:17 AM,07:21 PM,24,31,31,27,15,38,82,0.0,1011,27,10,126,11,singapore
2019-02-09 06:00:00,30,27,0.0,6.0,7,29,10:19 AM,10:39 PM,07:17 AM,07:21 PM,24,30,30,27,13,45,85,0.0,1011,27,10,343,9,singapore
2019-02-09 09:00:00,30,27,0.0,6.0,7,29,10:19 AM,10:39 PM,07:17 AM,07:21 PM,24,31,31,28,12,89,79,0.5,1013,28,13,214,9,singapore
2019-02-09 12:00:00,30,27,0.0,6.0,7,29,10:19 AM,10:39 PM,07:17 AM,07:21 PM,23,34,34,30,14,83,66,2.4,1013,30,19,6,9,singapore
2019-02-09 15:00:00,30,27,0.0,6.0,7,29,10:19 AM,10:39 PM,07:17 AM,07:21 PM,23,35,35,30,22,77,66,3.8,1010,30,19,21,13,singapore
2019-02-09 18:00:00,30,27,0.0,6.0,7,29,10:19 AM,10:39 PM,07:17 AM,07:21 PM,23,34,34,29,26,84,70,2.6,1010,29,20,29,17,singapore
2019-02-09 21:00:00,30,27,0.0,6.0,7,29,10:19 AM,10:39 PM,07:17 AM,07:21 PM,24,32,32,28,26,66,78,1.8,1012,28,20,25,17,singapore
2019-02-10 00:00:00,31,27,0.0,8.8,6,37,11:01 AM,11:22 PM,07:17 AM,07:21 PM,24,31,31,27,24,46,82,0.2,1013,27,20,24,17,singapore
2019-02-10 03:00:00,31,27,0.0,8.8,6,37,11:01 AM,11:22 PM,07:17 AM,07:21 PM,24,30,30,27,24,56,85,0.3,1012,27,19,21,17,singapore
2019-02-10 06:00:00,31,27,0.0,8.8,6,37,11:01 AM,11:22 PM,07:17 AM,07:21 PM,24,30,30,27,21,48,85,0.0,1012,27,18,17,15,singapore
2019-02-10 09:00:00,31,27,0.0,8.8,6,37,11:01 AM,11:22 PM,07:17 AM,07:21 PM,24,32,32,28,19,38,79,0.0,1013,28,15,20,14,singapore
2019-02-10 12:00:00,31,27,0.0,8.8,6,37,11:01 AM,11:22 PM,07:17 AM,07:21 PM,23,35,35,30,18,45,67,0.1,1013,30,10,32,16,singapore
2019-02-10 15:00:00,31,27,0.0,8.8,6,37,11:01 AM,11:22 PM,07:17 AM,07:21 PM,23,36,36,31,26,83,64,0.2,1012,31,9,44,21,singapore
2019-02-10 18:00:00,31,27,0.0,8.8,6,37,11:01 AM,11:22 PM,07:17 AM,07:21 PM,23,34,34,30,30,64,70,0.1,1011,30,10,38,23,singapore
2019-02-10 21:00:00,31,27,0.0,8.8,6,37,11:01 AM,11:22 PM,07:17 AM,07:21 PM,23,31,31,27,30,28,78,0.0,1012,27,10,28,21,singapore
2019-02-11 00:00:00,31,26,0.0,11.6,7,44,11:44 AM,No moonset,07:17 AM,07:21 PM,23,30,30,27,28,42,80,0.0,1014,27,13,25,20,singapore
2019-02-11 03:00:00,31,26,0.0,11.6,7,44,11:44 AM,No moonset,07:17 AM,07:21 PM,22,29,29,26,27,45,81,0.0,1014,26,20,21,19,singapore
2019-02-11 06:00:00,31,26,0.0,11.6,7,44,11:44 AM,No moonset,07:17 AM,07:21 PM,22,28,28,26,27,38,81,0.0,1014,26,20,18,18,singapore
2019-02-11 09:00:00,31,26,0.0,11.6,7,44,11:44 AM,No moonset,07:17 AM,07:21 PM,22,29,29,27,25,25,74,0.0,1015,27,17,18,19,singapore
2019-02-11 12:00:00,31,26,0.0,11.6,7,44,11:44 AM,No moonset,07:17 AM,07:21 PM,21,32,32,29,23,9,62,0.0,1014,29,10,24,20,singapore
2019-02-11 15:00:00,31,26,0.0,11.6,7,44,11:44 AM,No moonset,07:17 AM,07:21 PM,21,34,34,31,26,7,58,0.0,1013,31,10,34,22,singapore
2019-02-11 18:00:00,31,26,0.0,11.6,7,44,11:44 AM,No moonset,07:17 AM,07:21 PM,21,32,32,29,31,10,62,0.0,1011,29,10,33,23,singapore
2019-02-11 21:00:00,31,26,0.0,11.6,7,44,11:44 AM,No moonset,07:17 AM,07:21 PM,21,29,29,27,31,26,73,0.0,1012,27,10,28,21,singapore
2019-02-12 00:00:00,32,26,0.0,11.6,7,52,12:29 PM,12:07 AM,07:17 AM,07:21 PM,22,29,29,26,27,51,80,0.0,1014,26,13,26,18,singapore
2019-02-12 03:00:00,32,26,0.0,11.6,7,52,12:29 PM,12:07 AM,07:17 AM,07:21 PM,22,28,28,26,20,44,81,0.0,1014,26,20,136,13,singapore
2019-02-12 06:00:00,32,26,0.0,11.6,7,52,12:29 PM,12:07 AM,07:17 AM,07:21 PM,22,28,28,26,13,22,82,0.0,1013,26,20,350,9,singapore
2019-02-12 09:00:00,32,26,0.0,11.6,7,52,12:29 PM,12:07 AM,07:17 AM,07:21 PM,22,30,30,27,12,16,76,0.0,1014,27,16,232,10,singapore
2019-02-12 12:00:00,32,26,0.0,11.6,7,52,12:29 PM,12:07 AM,07:17 AM,07:21 PM,22,35,35,31,13,19,60,0.0,1015,31,10,32,11,singapore
2019-02-12 15:00:00,32,26,0.0,11.6,7,52,12:29 PM,12:07 AM,07:17 AM,07:21 PM,22,37,37,32,15,17,55,0.0,1013,32,10,49,13,singapore
2019-02-12 18:00:00,32,26,0.0,11.6,7,52,12:29 PM,12:07 AM,07:17 AM,07:21 PM,23,35,35,31,23,17,62,0.0,1011,31,10,46,17,singapore
2019-02-12 21:00:00,32,26,0.0,11.6,7,52,12:29 PM,12:07 AM,07:17 AM,07:21 PM,23,32,32,28,30,25,76,0.0,1013,28,10,28,21,singapore
2019-02-13 00:00:00,31,27,0.0,6.0,7,60,01:18 PM,12:54 AM,07:17 AM,07:21 PM,24,31,31,27,27,43,81,0.0,1014,27,10,18,19,singapore
2019-02-13 03:00:00,31,27,0.0,6.0,7,60,01:18 PM,12:54 AM,07:17 AM,07:21 PM,24,30,30,27,24,52,82,0.0,1014,27,13,15,16,singapore
2019-02-13 06:00:00,31,27,0.0,6.0,7,60,01:18 PM,12:54 AM,07:17 AM,07:21 PM,24,30,30,27,19,58,83,0.0,1013,27,16,11,13,singapore
2019-02-13 09:00:00,31,27,0.0,6.0,7,60,01:18 PM,12:54 AM,07:17 AM,07:21 PM,24,32,32,28,19,69,79,0.1,1014,28,10,24,15,singapore
2019-02-13 12:00:00,31,27,0.0,6.0,7,60,01:18 PM,12:54 AM,07:17 AM,07:21 PM,24,35,35,30,25,78,69,0.3,1014,30,9,40,21,singapore
2019-02-13 15:00:00,31,27,0.0,6.0,7,60,01:18 PM,12:54 AM,07:17 AM,07:21 PM,24,35,35,31,30,88,66,0.4,1012,31,9,49,24,singapore
2019-02-13 18:00:00,31,27,0.0,6.0,7,60,01:18 PM,12:54 AM,07:17 AM,07:21 PM,24,34,34,29,31,78,72,0.1,1011,29,13,48,24,singapore
2019-02-13 21:00:00,31,27,0.0,6.0,7,60,01:18 PM,12:54 AM,07:17 AM,07:21 PM,24,31,31,28,30,57,79,0.1,1012,28,16,43,22,singapore
2019-02-14 00:00:00,31,26,0.0,6.0,6,67,02:09 PM,01:45 AM,07:17 AM,07:21 PM,24,31,31,27,29,61,81,0.0,1013,27,10,39,20,singapore
2019-02-14 03:00:00,31,26,0.0,6.0,6,67,02:09 PM,01:45 AM,07:17 AM,07:21 PM,23,30,30,27,28,61,82,0.3,1013,27,12,33,19,singapore
2019-02-14 06:00:00,31,26,0.0,6.0,6,67,02:09 PM,01:45 AM,07:17 AM,07:21 PM,23,30,30,26,26,58,83,0.8,1012,26,17,27,18,singapore
2019-02-14 09:00:00,31,26,0.0,6.0,6,67,02:09 PM,01:45 AM,07:17 AM,07:21 PM,23,31,31,27,26,65,79,0.9,1012,27,14,30,19,singapore
2019-02-14 12:00:00,31,26,0.0,6.0,6,67,02:09 PM,01:45 AM,07:17 AM,07:21 PM,23,34,34,30,27,82,68,0.1,1013,30,10,39,23,singapore
2019-02-14 15:00:00,31,26,0.0,6.0,6,67,02:09 PM,01:45 AM,07:17 AM,07:21 PM,23,35,35,31,28,83,65,0.1,1011,31,10,42,24,singapore
2019-02-14 18:00:00,31,26,0.0,6.0,6,67,02:09 PM,01:45 AM,07:17 AM,07:21 PM,23,34,34,29,30,75,70,0.2,1010,29,9,38,24,singapore
2019-02-14 21:00:00,31,26,0.0,6.0,6,67,02:09 PM,01:45 AM,07:17 AM,07:21 PM,23,31,31,28,30,49,77,0.1,1011,28,13,30,21,singapore
2019-02-15 00:00:00,31,27,0.0,11.6,7,75,03:06 PM,02:39 AM,07:17 AM,07:21 PM,23,31,31,27,27,46,79,0.0,1013,27,16,27,19,singapore
2019-02-15 03:00:00,31,27,0.0,11.6,7,75,03:06 PM,02:39 AM,07:17 AM,07:21 PM,23,30,30,27,25,48,79,0.0,1012,27,13,24,17,singapore
2019-02-15 06:00:00,31,27,0.0,11.6,7,75,03:06 PM,02:39 AM,07:17 AM,07:21 PM,23,29,29,27,25,34,79,0.0,1012,27,19,17,17,singapore
2019-02-15 09:00:00,31,27,0.0,11.6,7,75,03:06 PM,02:39 AM,07:17 AM,07:21 PM,23,31,31,28,23,32,75,0.0,1013,28,16,22,17,singapore
2019-02-15 12:00:00,31,27,0.0,11.6,7,75,03:06 PM,02:39 AM,07:17 AM,07:21 PM,23,34,34,30,22,31,64,0.0,1013,30,10,35,19,singapore
2019-02-15 15:00:00,31,27,0.0,11.6,7,75,03:06 PM,02:39 AM,07:17 AM,07:21 PM,23,35,35,31,25,17,62,0.0,1012,31,10,40,21,singapore
2019-02-15 18:00:00,31,27,0.0,11.6,7,75,03:06 PM,02:39 AM,07:17 AM,07:21 PM,23,33,33,29,28,14,67,0.0,1011,29,10,37,22,singapore
2019-02-15 21:00:00,31,27,0.0,11.6,7,75,03:06 PM,02:39 AM,07:17 AM,07:21 PM,23,31,31,27,28,14,74,0.0,1012,27,13,25,19,singapore
2019-02-16 00:00:00,32,26,0.0,11.6,7,82,04:05 PM,03:38 AM,07:17 AM,07:21 PM,23,30,30,27,25,14,78,0.0,1014,27,17,18,17,singapore
2019-02-16 03:00:00,32,26,0.0,11.6,7,82,04:05 PM,03:38 AM,07:17 AM,07:21 PM,23,29,29,27,26,27,80,0.0,1013,27,10,14,18,singapore
2019-02-16 06:00:00,32,26,0.0,11.6,7,82,04:05 PM,03:38 AM,07:17 AM,07:21 PM,23,29,29,26,25,38,82,0.0,1013,26,13,10,17,singapore
2019-02-16 09:00:00,32,26,0.0,11.6,7,82,04:05 PM,03:38 AM,07:17 AM,07:21 PM,23,30,30,27,21,31,78,0.0,1014,27,17,11,16,singapore
2019-02-16 12:00:00,32,26,0.0,11.6,7,82,04:05 PM,03:38 AM,07:17 AM,07:21 PM,23,35,35,30,17,26,64,0.0,1013,30,10,22,14,singapore
2019-02-16 15:00:00,32,26,0.0,11.6,7,82,04:05 PM,03:38 AM,07:17 AM,07:21 PM,23,36,36,32,18,40,58,0.0,1011,32,10,40,15,singapore
2019-02-16 18:00:00,32,26,0.0,11.6,7,82,04:05 PM,03:38 AM,07:17 AM,07:21 PM,22,34,34,30,25,43,64,0.0,1010,30,13,42,19,singapore
2019-02-16 21:00:00,32,26,0.0,11.6,7,82,04:05 PM,03:38 AM,07:17 AM,07:21 PM,23,31,31,28,25,59,74,0.0,1012,28,17,28,17,singapore
2019-02-17 00:00:00,31,26,0.0,7.4,6,90,05:08 PM,04:39 AM,07:17 AM,07:21 PM,23,30,30,27,21,78,80,0.5,1013,27,13,20,14,singapore
2019-02-17 03:00:00,31,26,0.0,7.4,6,90,05:08 PM,04:39 AM,07:17 AM,07:21 PM,23,29,29,26,18,47,82,0.8,1012,26,20,17,13,singapore
2019-02-17 06:00:00,31,26,0.0,7.4,6,90,05:08 PM,04:39 AM,07:17 AM,07:21 PM,23,29,29,26,18,23,82,0.0,1012,26,20,13,13,singapore
2019-02-17 09:00:00,31,26,0.0,7.4,6,90,05:08 PM,04:39 AM,07:17 AM,07:21 PM,23,31,31,27,18,45,77,0.1,1013,27,16,12,13,singapore
2019-02-17 12:00:00,31,26,0.0,7.4,6,90,05:08 PM,04:39 AM,07:17 AM,07:21 PM,23,34,34,30,14,75,66,0.5,1013,30,9,24,12,singapore
2019-02-17 15:00:00,31,26,0.0,7.4,6,90,05:08 PM,04:39 AM,07:17 AM,07:21 PM,24,35,35,31,15,68,66,2.0,1011,31,9,34,10,singapore
2019-02-17 18:00:00,31,26,0.0,7.4,6,90,05:08 PM,04:39 AM,07:17 AM,07:21 PM,24,33,33,29,23,81,72,4.1,1010,29,7,38,13,singapore
2019-02-17 21:00:00,31,26,0.0,7.4,6,90,05:08 PM,04:39 AM,07:17 AM,07:21 PM,24,31,31,27,22,74,79,2.7,1011,27,11,43,13,singapore
2019-02-18 00:00:00,30,27,0.0,8.8,7,97,06:10 PM,05:42 AM,07:16 AM,07:21 PM,23,30,30,27,14,50,79,0.0,1012,27,19,39,10,singapore
2019-02-18 03:00:00,30,27,0.0,8.8,7,97,06:10 PM,05:42 AM,07:16 AM,07:21 PM,23,30,30,27,10,60,80,0.0,1012,27,18,34,8,singapore
2019-02-18 06:00:00,30,27,0.0,8.8,7,97,06:10 PM,05:42 AM,07:16 AM,07:21 PM,23,30,30,27,7,53,80,0.0,1012,27,18,23,5,singapore
2019-02-18 09:00:00,30,27,0.0,8.8,7,97,06:10 PM,05:42 AM,07:16 AM,07:21 PM,23,31,31,27,6,55,77,1.3,1013,27,14,47,4,singapore
2019-02-18 12:00:00,30,27,0.0,8.8,7,97,06:10 PM,05:42 AM,07:16 AM,07:21 PM,23,33,33,29,6,85,68,5.1,1013,29,6,126,4,singapore
2019-02-18 15:00:00,30,27,0.0,8.8,7,97,06:10 PM,05:42 AM,07:16 AM,07:21 PM,23,35,35,30,7,78,65,5.2,1011,30,5,111,4,singapore
2019-02-18 18:00:00,30,27,0.0,8.8,7,97,06:10 PM,05:42 AM,07:16 AM,07:21 PM,23,34,34,30,10,56,68,0.4,1010,30,10,63,7,singapore
2019-02-18 21:00:00,30,27,0.0,8.8,7,97,06:10 PM,05:42 AM,07:16 AM,07:21 PM,24,32,32,28,17,55,79,0.3,1011,28,10,45,12,singapore
2019-02-19 00:00:00,30,27,0.0,7.4,7,100,07:11 PM,06:43 AM,07:16 AM,07:21 PM,24,31,31,27,15,54,81,0.0,1012,27,10,42,11,singapore
2019-02-19 03:00:00,30,27,0.0,7.4,7,100,07:11 PM,06:43 AM,07:16 AM,07:21 PM,24,30,30,27,14,37,83,0.0,1011,27,10,42,10,singapore
2019-02-19 06:00:00,30,27,0.0,7.4,7,100,07:11 PM,06:43 AM,07:16 AM,07:21 PM,23,30,30,27,13,34,82,0.0,1011,27,13,45,9,singapore
2019-02-19 09:00:00,30,27,0.0,7.4,7,100,07:11 PM,06:43 AM,07:16 AM,07:21 PM,23,31,31,28,15,51,75,0.5,1012,28,16,57,11,singapore
2019-02-19 12:00:00,30,27,0.0,7.4,7,100,07:11 PM,06:43 AM,07:16 AM,07:21 PM,23,34,34,30,24,85,69,4.4,1013,30,7,70,14,singapore
2019-02-19 15:00:00,30,27,0.0,7.4,7,100,07:11 PM,06:43 AM,07:16 AM,07:21 PM,24,35,35,30,29,83,69,7.1,1011,30,5,75,16,singapore
2019-02-19 18:00:00,30,27,0.0,7.4,7,100,07:11 PM,06:43 AM,07:16 AM,07:21 PM,23,34,34,29,23,74,71,1.0,1011,29,9,63,17,singapore
2019-02-19 21:00:00,30,27,0.0,7.4,7,100,07:11 PM,06:43 AM,07:16 AM,07:21 PM,24,31,31,28,22,66,79,0.7,1012,28,10,54,15,singapore
2019-02-20 00:00:00,31,27,0.0,8.8,7,88,08:09 PM,07:42 AM,07:16 AM,07:21 PM,24,31,31,27,18,49,82,0.0,1014,27,10,49,13,singapore
2019-02-20 03:00:00,31,27,0.0,8.8,7,88,08:09 PM,07:42 AM,07:16 AM,07:21 PM,24,30,30,27,17,61,84,0.0,1013,27,10,42,12,singapore
2019-02-20 06:00:00,31,27,0.0,8.8,7,88,08:09 PM,07:42 AM,07:16 AM,07:21 PM,24,30,30,27,15,62,84,0.0,1012,27,10,36,10,singapore
2019-02-20 09:00:00,31,27,0.0,8.8,7,88,08:09 PM,07:42 AM,07:16 AM,07:21 PM,24,32,32,28,15,43,78,0.0,1014,28,10,36,12,singapore
2019-02-20 12:00:00,31,27,0.0,8.8,7,88,08:09 PM,07:42 AM,07:16 AM,07:21 PM,23,35,35,30,16,38,66,0.0,1014,30,10,55,13,singapore
2019-02-20 15:00:00,31,27,0.0,8.8,7,88,08:09 PM,07:42 AM,07:16 AM,07:21 PM,23,36,36,31,21,80,64,0.1,1012,31,10,62,17,singapore
2019-02-20 18:00:00,31,27,0.0,8.8,7,88,08:09 PM,07:42 AM,07:16 AM,07:21 PM,24,34,34,30,24,87,70,0.2,1011,30,9,48,19,singapore
2019-02-20 21:00:00,31,27,0.0,8.8,7,88,08:09 PM,07:42 AM,07:16 AM,07:21 PM,24,32,32,28,26,72,80,0.1,1013,28,9,32,18,singapore
2019-02-21 00:00:00,31,26,0.0,11.6,7,80,09:05 PM,08:37 AM,07:16 AM,07:21 PM,24,31,31,27,24,47,84,0.0,1014,27,10,23,16,singapore
2019-02-21 03:00:00,31,26,0.0,11.6,7,80,09:05 PM,08:37 AM,07:16 AM,07:21 PM,24,30,30,27,24,61,85,0.0,1013,27,10,23,17,singapore
2019-02-21 06:00:00,31,26,0.0,11.6,7,80,09:05 PM,08:37 AM,07:16 AM,07:21 PM,24,30,30,26,22,69,85,0.0,1012,26,10,16,15,singapore
2019-02-21 09:00:00,31,26,0.0,11.6,7,80,09:05 PM,08:37 AM,07:16 AM,07:21 PM,23,31,31,27,22,60,80,0.0,1013,27,10,19,16,singapore
2019-02-21 12:00:00,31,26,0.0,11.6,7,80,09:05 PM,08:37 AM,07:16 AM,07:21 PM,23,34,34,30,22,52,67,0.0,1013,30,10,32,18,singapore
2019-02-21 15:00:00,31,26,0.0,11.6,7,80,09:05 PM,08:37 AM,07:16 AM,07:21 PM,23,36,36,31,25,40,62,0.1,1011,31,10,38,21,singapore
2019-02-21 18:00:00,31,26,0.0,11.6,7,80,09:05 PM,08:37 AM,07:16 AM,07:21 PM,23,35,35,30,29,9,67,0.0,1010,30,10,37,22,singapore
2019-02-21 21:00:00,31,26,0.0,11.6,7,80,09:05 PM,08:37 AM,07:16 AM,07:21 PM,23,32,32,28,27,9,76,0.0,1011,28,10,29,18,singapore
2019-02-22 00:00:00,32,27,0.0,11.6,7,73,09:58 PM,09:31 AM,07:16 AM,07:21 PM,24,31,31,28,22,21,79,0.0,1012,28,10,20,15,singapore
2019-02-22 03:00:00,32,27,0.0,11.6,7,73,09:58 PM,09:31 AM,07:16 AM,07:21 PM,24,31,31,27,18,38,81,0.0,1011,27,10,125,12,singapore
2019-02-22 06:00:00,32,27,0.0,11.6,7,73,09:58 PM,09:31 AM,07:16 AM,07:21 PM,24,30,30,27,16,69,83,0.2,1011,27,10,347,11,singapore
2019-02-22 09:00:00,32,27,0.0,11.6,7,73,09:58 PM,09:31 AM,07:16 AM,07:21 PM,23,32,32,28,16,54,77,0.3,1012,28,9,242,12,singapore
2019-02-22 12:00:00,32,27,0.0,11.6,7,73,09:58 PM,09:31 AM,07:16 AM,07:21 PM,23,36,36,31,15,19,63,0.0,1013,31,10,31,13,singapore
2019-02-22 15:00:00,32,27,0.0,11.6,7,73,09:58 PM,09:31 AM,07:16 AM,07:21 PM,23,37,37,32,22,24,59,0.0,1011,32,10,47,18,singapore
2019-02-22 18:00:00,32,27,0.0,11.6,7,73,09:58 PM,09:31 AM,07:16 AM,07:21 PM,23,35,35,30,29,8,65,0.0,1009,30,10,42,22,singapore
2019-02-22 21:00:00,32,27,0.0,11.6,7,73,09:58 PM,09:31 AM,07:16 AM,07:21 PM,23,31,31,28,28,15,77,0.0,1010,28,10,33,20,singapore
2019-02-23 00:00:00,31,26,0.0,11.6,7,65,10:49 PM,10:22 AM,07:16 AM,07:21 PM,23,30,30,27,23,33,81,0.0,1012,27,10,31,16,singapore
2019-02-23 03:00:00,31,26,0.0,11.6,7,65,10:49 PM,10:22 AM,07:16 AM,07:21 PM,23,29,29,26,21,38,83,0.0,1011,26,10,27,14,singapore
2019-02-23 06:00:00,31,26,0.0,11.6,7,65,10:49 PM,10:22 AM,07:16 AM,07:21 PM,23,29,29,26,21,39,83,0.0,1010,26,10,20,14,singapore
2019-02-23 09:00:00,31,26,0.0,11.6,7,65,10:49 PM,10:22 AM,07:16 AM,07:21 PM,22,30,30,27,21,38,77,0.0,1011,27,13,22,15,singapore
2019-02-23 12:00:00,31,26,0.0,11.6,7,65,10:49 PM,10:22 AM,07:16 AM,07:21 PM,22,32,32,29,21,22,66,0.0,1011,29,20,30,17,singapore
2019-02-23 15:00:00,31,26,0.0,11.6,7,65,10:49 PM,10:22 AM,07:16 AM,07:21 PM,22,35,35,31,21,6,61,0.0,1010,31,20,42,18,singapore
2019-02-23 18:00:00,31,26,0.0,11.6,7,65,10:49 PM,10:22 AM,07:16 AM,07:21 PM,23,33,33,30,26,7,66,0.0,1009,30,19,47,21,singapore
2019-02-23 21:00:00,31,26,0.0,11.6,7,65,10:49 PM,10:22 AM,07:16 AM,07:21 PM,22,30,30,27,27,6,75,0.0,1010,27,19,31,19,singapore
2019-02-24 00:00:00,32,26,0.0,11.6,7,57,11:40 PM,11:12 AM,07:16 AM,07:21 PM,22,29,29,27,23,6,78,0.0,1011,27,19,20,16,singapore
2019-02-24 03:00:00,32,26,0.0,11.6,7,57,11:40 PM,11:12 AM,07:16 AM,07:21 PM,22,28,28,26,23,7,80,0.0,1011,26,10,24,15,singapore
2019-02-24 06:00:00,32,26,0.0,11.6,7,57,11:40 PM,11:12 AM,07:16 AM,07:21 PM,22,28,28,26,22,9,81,0.0,1010,26,10,16,15,singapore
2019-02-24 09:00:00,32,26,0.0,11.6,7,57,11:40 PM,11:12 AM,07:16 AM,07:21 PM,22,30,30,27,18,11,76,0.0,1011,27,10,13,14,singapore
2019-02-24 12:00:00,32,26,0.0,11.6,7,57,11:40 PM,11:12 AM,07:16 AM,07:21 PM,22,34,34,30,14,8,62,0.0,1011,30,10,22,12,singapore
2019-02-24 15:00:00,32,26,0.0,11.6,7,57,11:40 PM,11:12 AM,07:16 AM,07:21 PM,23,37,37,32,17,18,58,0.0,1009,32,10,46,14,singapore
2019-02-24 18:00:00,32,26,0.0,11.6,7,57,11:40 PM,11:12 AM,07:16 AM,07:21 PM,22,34,34,30,26,23,65,0.0,1008,30,10,46,20,singapore
2019-02-24 21:00:00,32,26,0.0,11.6,7,57,11:40 PM,11:12 AM,07:16 AM,07:21 PM,22,30,30,27,28,10,75,0.0,1009,27,10,35,20,singapore
2019-02-25 00:00:00,31,26,0.0,8.8,6,50,No moonrise,12:01 PM,07:15 AM,07:20 PM,23,30,30,27,22,35,81,0.0,1011,27,10,35,15,singapore
2019-02-25 03:00:00,31,26,0.0,8.8,6,50,No moonrise,12:01 PM,07:15 AM,07:20 PM,24,30,30,26,20,68,84,0.0,1010,26,10,32,14,singapore
2019-02-25 06:00:00,31,26,0.0,8.8,6,50,No moonrise,12:01 PM,07:15 AM,07:20 PM,23,29,29,26,20,50,84,0.0,1010,26,10,20,14,singapore
2019-02-25 09:00:00,31,26,0.0,8.8,6,50,No moonrise,12:01 PM,07:15 AM,07:20 PM,23,31,31,27,20,30,77,0.0,1011,27,10,21,15,singapore
2019-02-25 12:00:00,31,26,0.0,8.8,6,50,No moonrise,12:01 PM,07:15 AM,07:20 PM,24,35,35,30,18,44,67,0.1,1011,30,10,44,15,singapore
2019-02-25 15:00:00,31,26,0.0,8.8,6,50,No moonrise,12:01 PM,07:15 AM,07:20 PM,24,36,36,31,24,85,66,0.5,1010,31,9,55,19,singapore
2019-02-25 18:00:00,31,26,0.0,8.8,6,50,No moonrise,12:01 PM,07:15 AM,07:20 PM,24,34,34,29,29,77,73,0.8,1008,29,9,51,22,singapore
2019-02-25 21:00:00,31,26,0.0,8.8,6,50,No moonrise,12:01 PM,07:15 AM,07:20 PM,24,31,31,28,28,70,80,0.6,1009,28,10,47,20,singapore
2019-02-26 00:00:00,31,27,0.0,8.8,7,42,12:30 AM,12:51 PM,07:15 AM,07:20 PM,24,31,31,27,27,52,83,0.0,1010,27,10,44,19,singapore
2019-02-26 03:00:00,31,27,0.0,8.8,7,42,12:30 AM,12:51 PM,07:15 AM,07:20 PM,24,30,30,27,26,58,84,0.0,1009,27,10,42,18,singapore
2019-02-26 06:00:00,31,27,0.0,8.8,7,42,12:30 AM,12:51 PM,07:15 AM,07:20 PM,24,30,30,27,23,66,84,0.5,1009,27,10,41,16,singapore
2019-02-26 09:00:00,31,27,0.0,8.8,7,42,12:30 AM,12:51 PM,07:15 AM,07:20 PM,23,31,31,28,21,63,79,1.0,1010,28,9,47,16,singapore
2019-02-26 12:00:00,31,27,0.0,8.8,7,42,12:30 AM,12:51 PM,07:15 AM,07:20 PM,23,35,35,30,21,40,66,0.0,1010,30,10,56,18,singapore
2019-02-26 15:00:00,31,27,0.0,8.8,7,42,12:30 AM,12:51 PM,07:15 AM,07:20 PM,23,36,36,31,26,57,64,0.1,1008,31,10,60,22,singapore
2019-02-26 18:00:00,31,27,0.0,8.8,7,42,12:30 AM,12:51 PM,07:15 AM,07:20 PM,24,34,34,30,29,76,71,0.2,1007,30,9,50,23,singapore
2019-02-26 21:00:00,31,27,0.0,8.8,7,42,12:30 AM,12:51 PM,07:15 AM,07:20 PM,24,32,32,28,28,74,79,0.1,1009,28,9,38,20,singapore
2019-02-27 00:00:00,31,27,0.0,6.0,7,35,01:21 AM,01:41 PM,07:15 AM,07:20 PM,24,31,31,27,26,51,81,0.0,1010,27,10,33,18,singapore
2019-02-27 03:00:00,31,27,0.0,6.0,7,35,01:21 AM,01:41 PM,07:15 AM,07:20 PM,24,30,30,27,24,60,83,0.0,1009,27,10,30,17,singapore
2019-02-27 06:00:00,31,27,0.0,6.0,7,35,01:21 AM,01:41 PM,07:15 AM,07:20 PM,24,30,30,27,23,67,84,0.1,1008,27,10,27,17,singapore
2019-02-27 09:00:00,31,27,0.0,6.0,7,35,01:21 AM,01:41 PM,07:15 AM,07:20 PM,23,31,31,28,23,62,78,0.2,1009,28,10,30,18,singapore
2019-02-27 12:00:00,31,27,0.0,6.0,7,35,01:21 AM,01:41 PM,07:15 AM,07:20 PM,23,35,35,30,25,66,67,0.3,1009,30,10,40,21,singapore
2019-02-27 15:00:00,31,27,0.0,6.0,7,35,01:21 AM,01:41 PM,07:15 AM,07:20 PM,24,35,35,31,29,84,67,0.4,1008,31,10,43,24,singapore
2019-02-27 18:00:00,31,27,0.0,6.0,7,35,01:21 AM,01:41 PM,07:15 AM,07:20 PM,23,34,34,30,31,84,70,0.1,1007,30,10,40,24,singapore
2019-02-27 21:00:00,31,27,0.0,6.0,7,35,01:21 AM,01:41 PM,07:15 AM,07:20 PM,23,32,32,28,28,61,76,0.1,1008,28,9,35,20,singapore
2019-02-28 00:00:00,30,27,0.0,6.0,7,27,02:10 AM,02:30 PM,07:15 AM,07:20 PM,23,31,31,28,23,41,77,0.0,1009,28,10,34,16,singapore
2019-02-28 03:00:00,30,27,0.0,6.0,7,27,02:10 AM,02:30 PM,07:15 AM,07:20 PM,23,31,31,27,19,50,79,0.0,1009,27,10,30,13,singapore
2019-02-28 06:00:00,30,27,0.0,6.0,7,27,02:10 AM,02:30 PM,07:15 AM,07:20 PM,23,30,30,27,18,57,80,0.0,1008,27,10,27,13,singapore
2019-02-28 09:00:00,30,27,0.0,6.0,7,27,02:10 AM,02:30 PM,07:15 AM,07:20 PM,23,32,32,28,17,61,75,0.0,1010,28,10,31,13,singapore
2019-02-28 12:00:00,30,27,0.0,6.0,7,27,02:10 AM,02:30 PM,07:15 AM,07:20 PM,24,35,35,30,21,71,67,0.6,1010,30,10,39,17,singapore
2019-02-28 15:00:00,30,27,0.0,6.0,7,27,02:10 AM,02:30 PM,07:15 AM,07:20 PM,24,35,35,30,31,68,69,2.1,1008,30,8,39,21,singapore
2019-02-28 18:00:00,30,27,0.0,6.0,7,27,02:10 AM,02:30 PM,07:15 AM,07:20 PM,24,34,34,29,33,67,73,3.1,1007,29,7,40,20,singapore
2019-02-28 21:00:00,30,27,0.0,6.0,7,27,02:10 AM,02:30 PM,07:15 AM,07:20 PM,24,31,31,28,27,65,78,2.1,1009,28,8,39,17,singapore
2019-03-01 00:00:00,31,26,0.0,11.6,7,26,03:00 AM,03:20 PM,07:15 AM,07:20 PM,24,31,31,27,22,33,81,0.0,1010,27,10,37,15,singapore
2019-03-01 03:00:00,31,26,0.0,11.6,7,26,03:00 AM,03:20 PM,07:15 AM,07:20 PM,23,30,30,27,21,52,82,0.0,1010,27,10,36,14,singapore
2019-03-01 06:00:00,31,26,0.0,11.6,7,26,03:00 AM,03:20 PM,07:15 AM,07:20 PM,23,30,30,26,21,63,83,0.0,1009,26,10,30,14,singapore
2019-03-01 09:00:00,31,26,0.0,11.6,7,26,03:00 AM,03:20 PM,07:15 AM,07:20 PM,23,31,31,28,19,50,77,0.0,1011,28,10,29,15,singapore
2019-03-01 12:00:00,31,26,0.0,11.6,7,26,03:00 AM,03:20 PM,07:15 AM,07:20 PM,23,34,34,30,23,35,66,0.0,1011,30,10,40,19,singapore
2019-03-01 15:00:00,31,26,0.0,11.6,7,26,03:00 AM,03:20 PM,07:15 AM,07:20 PM,23,35,35,31,26,22,64,0.0,1009,31,10,43,22,singapore
2019-03-01 18:00:00,31,26,0.0,11.6,7,26,03:00 AM,03:20 PM,07:15 AM,07:20 PM,23,33,33,29,29,16,69,0.0,1008,29,10,40,23,singapore
2019-03-01 21:00:00,31,26,0.0,11.6,7,26,03:00 AM,03:20 PM,07:15 AM,07:20 PM,23,31,31,27,30,21,77,0.0,1009,27,10,28,21,singapore
2019-03-02 00:00:00,32,26,0.0,11.6,7,19,03:50 AM,04:09 PM,07:14 AM,07:20 PM,23,30,30,27,26,34,80,0.0,1011,27,10,24,18,singapore
2019-03-02 03:00:00,32,26,0.0,11.6,7,19,03:50 AM,04:09 PM,07:14 AM,07:20 PM,23,29,29,26,23,49,81,0.0,1010,26,10,26,15,singapore
2019-03-02 06:00:00,32,26,0.0,11.6,7,19,03:50 AM,04:09 PM,07:14 AM,07:20 PM,22,28,28,26,21,51,80,0.0,1009,26,10,16,14,singapore
2019-03-02 09:00:00,32,26,0.0,11.6,7,19,03:50 AM,04:09 PM,07:14 AM,07:20 PM,22,30,30,27,19,28,74,0.0,1010,27,10,13,14,singapore
2019-03-02 12:00:00,32,26,0.0,11.6,7,19,03:50 AM,04:09 PM,07:14 AM,07:20 PM,22,34,34,30,18,13,61,0.0,1011,30,10,23,15,singapore
2019-03-02 15:00:00,32,26,0.0,11.6,7,19,03:50 AM,04:09 PM,07:14 AM,07:20 PM,22,36,36,32,20,13,57,0.0,1009,32,10,35,17,singapore
2019-03-02 18:00:00,32,26,0.0,11.6,7,19,03:50 AM,04:09 PM,07:14 AM,07:20 PM,22,33,33,30,27,11,62,0.0,1008,30,10,38,21,singapore
2019-03-02 21:00:00,32,26,0.0,11.6,7,19,03:50 AM,04:09 PM,07:14 AM,07:20 PM,22,29,29,27,30,9,72,0.0,1009,27,10,33,22,singapore
2019-03-03 00:00:00,31,26,0.0,8.8,7,12,04:38 AM,04:56 PM,07:14 AM,07:20 PM,22,29,29,26,25,10,76,0.0,1010,26,10,33,18,singapore
2019-03-03 03:00:00,31,26,0.0,8.8,7,12,04:38 AM,04:56 PM,07:14 AM,07:20 PM,22,28,28,26,22,13,78,0.0,1009,26,10,28,15,singapore
2019-03-03 06:00:00,31,26,0.0,8.8,7,12,04:38 AM,04:56 PM,07:14 AM,07:20 PM,21,28,28,26,18,14,77,0.0,1008,26,10,27,13,singapore
2019-03-03 09:00:00,31,26,0.0,8.8,7,12,04:38 AM,04:56 PM,07:14 AM,07:20 PM,21,30,30,27,15,9,71,0.0,1010,27,10,27,11,singapore
2019-03-03 12:00:00,31,26,0.0,8.8,7,12,04:38 AM,04:56 PM,07:14 AM,07:20 PM,22,34,34,30,12,32,61,0.0,1010,30,10,35,10,singapore
2019-03-03 15:00:00,31,26,0.0,8.8,7,12,04:38 AM,04:56 PM,07:14 AM,07:20 PM,22,35,35,31,16,76,59,0.0,1009,31,10,53,13,singapore
2019-03-03 18:00:00,31,26,0.0,8.8,7,12,04:38 AM,04:56 PM,07:14 AM,07:20 PM,22,32,32,29,24,72,65,0.1,1007,29,10,49,18,singapore
2019-03-03 21:00:00,31,26,0.0,8.8,7,12,04:38 AM,04:56 PM,07:14 AM,07:20 PM,22,29,29,27,26,49,72,0.1,1008,27,10,43,18,singapore
2019-03-04 00:00:00,32,26,0.0,11.6,7,4,05:25 AM,05:43 PM,07:14 AM,07:19 PM,22,29,29,27,20,1,74,0.0,1010,27,10,38,14,singapore
2019-03-04 03:00:00,32,26,0.0,11.6,7,4,05:25 AM,05:43 PM,07:14 AM,07:19 PM,22,29,29,27,17,2,74,0.0,1009,27,10,24,13,singapore
2019-03-04 06:00:00,32,26,0.0,11.6,7,4,05:25 AM,05:43 PM,07:14 AM,07:19 PM,21,28,28,26,18,2,73,0.0,1009,26,10,13,13,singapore
2019-03-04 09:00:00,32,26,0.0,11.6,7,4,05:25 AM,05:43 PM,07:14 AM,07:19 PM,21,30,30,27,17,4,69,0.0,1010,27,10,17,13,singapore
2019-03-04 12:00:00,32,26,0.0,11.6,7,4,05:25 AM,05:43 PM,07:14 AM,07:19 PM,22,34,34,31,14,10,61,0.0,1010,31,10,30,12,singapore
2019-03-04 15:00:00,32,26,0.0,11.6,7,4,05:25 AM,05:43 PM,07:14 AM,07:19 PM,22,36,36,32,17,27,58,0.0,1008,32,10,51,14,singapore
2019-03-04 18:00:00,32,26,0.0,11.6,7,4,05:25 AM,05:43 PM,07:14 AM,07:19 PM,22,33,33,29,25,23,65,0.0,1007,29,10,52,19,singapore
2019-03-04 21:00:00,32,26,0.0,11.6,7,4,05:25 AM,05:43 PM,07:14 AM,07:19 PM,22,29,29,26,24,4,73,0.0,1008,26,10,43,17,singapore
2019-03-05 00:00:00,33,25,0.0,11.6,7,0,06:10 AM,06:28 PM,07:14 AM,07:19 PM,23,27,27,25,16,4,76,0.0,1010,25,10,37,12,singapore
2019-03-05 03:00:00,33,25,0.0,11.6,7,0,06:10 AM,06:28 PM,07:14 AM,07:19 PM,23,29,29,27,15,5,78,0.0,1009,27,10,19,12,singapore
2019-03-05 06:00:00,33,25,0.0,11.6,7,0,06:10 AM,06:28 PM,07:14 AM,07:19 PM,22,29,29,26,17,2,79,0.0,1009,26,10,10,13,singapore
2019-03-05 09:00:00,33,25,0.0,11.6,7,0,06:10 AM,06:28 PM,07:14 AM,07:19 PM,22,30,30,27,17,6,72,0.0,1010,27,10,17,13,singapore
2019-03-05 12:00:00,33,25,0.0,11.6,7,0,06:10 AM,06:28 PM,07:14 AM,07:19 PM,22,36,36,31,12,13,60,0.0,1011,31,10,27,10,singapore
2019-03-05 15:00:00,33,25,0.0,11.6,7,0,06:10 AM,06:28 PM,07:14 AM,07:19 PM,23,38,38,33,13,28,57,0.0,1009,33,10,45,10,singapore
2019-03-05 18:00:00,33,25,0.0,11.6,7,0,06:10 AM,06:28 PM,07:14 AM,07:19 PM,22,34,34,30,19,57,62,0.1,1008,30,10,51,14,singapore
2019-03-05 21:00:00,33,25,0.0,11.6,7,0,06:10 AM,06:28 PM,07:14 AM,07:19 PM,23,31,31,28,22,73,74,0.1,1010,28,9,30,14,singapore
2019-03-06 00:00:00,31,26,0.0,7.4,7,0,06:54 AM,07:12 PM,07:13 AM,07:19 PM,23,31,31,27,15,40,79,0.0,1011,27,10,128,10,singapore
2019-03-06 03:00:00,31,26,0.0,7.4,7,0,06:54 AM,07:12 PM,07:13 AM,07:19 PM,24,30,30,27,14,48,83,0.3,1011,27,10,240,10,singapore
2019-03-06 06:00:00,31,26,0.0,7.4,7,0,06:54 AM,07:12 PM,07:13 AM,07:19 PM,23,29,29,26,16,72,84,1.5,1010,26,8,122,10,singapore
2019-03-06 09:00:00,31,26,0.0,7.4,7,0,06:54 AM,07:12 PM,07:13 AM,07:19 PM,23,31,31,28,15,58,74,1.7,1011,28,8,245,10,singapore
2019-03-06 12:00:00,31,26,0.0,7.4,7,0,06:54 AM,07:12 PM,07:13 AM,07:19 PM,23,35,35,31,15,73,61,0.1,1012,31,10,41,12,singapore
2019-03-06 15:00:00,31,26,0.0,7.4,7,0,06:54 AM,07:12 PM,07:13 AM,07:19 PM,23,36,36,31,21,78,63,1.3,1011,31,9,52,14,singapore
2019-03-06 18:00:00,31,26,0.0,7.4,7,0,06:54 AM,07:12 PM,07:13 AM,07:19 PM,23,34,34,30,27,79,69,3.2,1010,30,7,47,16,singapore
2019-03-06 21:00:00,31,26,0.0,7.4,7,0,06:54 AM,07:12 PM,07:13 AM,07:19 PM,23,32,32,28,24,74,75,2.2,1011,28,8,43,15,singapore
2019-03-07 00:00:00,33,27,0.0,10.2,8,3,07:36 AM,07:55 PM,07:13 AM,07:19 PM,24,32,32,28,19,48,78,0.0,1012,28,10,33,13,singapore
2019-03-07 03:00:00,33,27,0.0,10.2,8,3,07:36 AM,07:55 PM,07:13 AM,07:19 PM,24,31,31,28,15,53,79,0.0,1011,28,10,36,10,singapore
2019-03-07 06:00:00,33,27,0.0,10.2,8,3,07:36 AM,07:55 PM,07:13 AM,07:19 PM,23,30,30,27,12,77,75,0.0,1010,27,10,41,8,singapore
2019-03-07 09:00:00,33,27,0.0,10.2,8,3,07:36 AM,07:55 PM,07:13 AM,07:19 PM,22,31,31,28,10,66,70,0.1,1011,28,10,33,7,singapore
2019-03-07 12:00:00,33,27,0.0,10.2,8,3,07:36 AM,07:55 PM,07:13 AM,07:19 PM,23,36,36,32,7,21,59,0.0,1012,32,10,41,6,singapore
2019-03-07 15:00:00,33,27,0.0,10.2,8,3,07:36 AM,07:55 PM,07:13 AM,07:19 PM,23,38,38,33,12,30,56,0.0,1010,33,10,75,10,singapore
2019-03-07 18:00:00,33,27,0.0,10.2,8,3,07:36 AM,07:55 PM,07:13 AM,07:19 PM,23,35,35,31,21,46,62,0.0,1009,31,10,72,16,singapore
2019-03-07 21:00:00,33,27,0.0,10.2,8,3,07:36 AM,07:55 PM,07:13 AM,07:19 PM,23,32,32,29,22,62,74,0.0,1010,29,10,55,15,singapore
2019-03-08 00:00:00,32,27,0.0,10.2,6,10,08:18 AM,08:38 PM,07:13 AM,07:19 PM,24,32,32,28,19,61,77,0.0,1012,28,10,55,13,singapore
2019-03-08 03:00:00,32,27,0.0,10.2,6,10,08:18 AM,08:38 PM,07:13 AM,07:19 PM,24,31,31,27,19,76,80,0.3,1011,27,10,53,13,singapore
2019-03-08 06:00:00,32,27,0.0,10.2,6,10,08:18 AM,08:38 PM,07:13 AM,07:19 PM,23,30,30,27,19,78,81,1.8,1010,27,8,38,12,singapore
2019-03-08 09:00:00,32,27,0.0,10.2,6,10,08:18 AM,08:38 PM,07:13 AM,07:19 PM,23,31,31,28,19,61,76,2.6,1011,28,8,35,12,singapore
2019-03-08 12:00:00,32,27,0.0,10.2,6,10,08:18 AM,08:38 PM,07:13 AM,07:19 PM,23,35,35,31,15,28,65,0.0,1012,31,10,56,13,singapore
2019-03-08 15:00:00,32,27,0.0,10.2,6,10,08:18 AM,08:38 PM,07:13 AM,07:19 PM,23,36,36,32,18,33,61,0.0,1010,32,10,63,15,singapore
2019-03-08 18:00:00,32,27,0.0,10.2,6,10,08:18 AM,08:38 PM,07:13 AM,07:19 PM,23,34,34,30,24,17,67,0.0,1009,30,10,62,18,singapore
2019-03-08 21:00:00,32,27,0.0,10.2,6,10,08:18 AM,08:38 PM,07:13 AM,07:19 PM,23,32,32,28,25,9,75,0.0,1010,28,10,56,17,singapore
2019-03-09 00:00:00,32,27,0.0,11.6,7,17,09:00 AM,09:21 PM,07:13 AM,07:18 PM,24,31,31,28,21,24,78,0.0,1012,28,10,51,14,singapore
2019-03-09 03:00:00,32,27,0.0,11.6,7,17,09:00 AM,09:21 PM,07:13 AM,07:18 PM,24,31,31,27,19,42,80,0.0,1011,27,10,51,13,singapore
2019-03-09 06:00:00,32,27,0.0,11.6,7,17,09:00 AM,09:21 PM,07:13 AM,07:18 PM,24,31,31,27,17,51,80,0.0,1011,27,10,48,12,singapore
2019-03-09 09:00:00,32,27,0.0,11.6,7,17,09:00 AM,09:21 PM,07:13 AM,07:18 PM,23,32,32,29,14,37,74,0.0,1012,29,10,51,11,singapore
2019-03-09 12:00:00,32,27,0.0,11.6,7,17,09:00 AM,09:21 PM,07:13 AM,07:18 PM,23,36,36,31,13,11,62,0.0,1012,31,10,70,12,singapore
2019-03-09 15:00:00,32,27,0.0,11.6,7,17,09:00 AM,09:21 PM,07:13 AM,07:18 PM,23,38,38,32,17,20,59,0.0,1010,32,10,80,14,singapore
2019-03-09 18:00:00,32,27,0.0,11.6,7,17,09:00 AM,09:21 PM,07:13 AM,07:18 PM,23,35,35,31,23,22,65,0.0,1009,31,10,69,18,singapore
2019-03-09 21:00:00,32,27,0.0,11.6,7,17,09:00 AM,09:21 PM,07:13 AM,07:18 PM,23,32,32,28,22,25,72,0.0,1011,28,10,60,16,singapore
2019-03-10 00:00:00,33,28,0.0,7.4,8,24,09:43 AM,10:05 PM,07:12 AM,07:18 PM,23,32,32,28,17,37,74,0.0,1012,28,10,63,12,singapore
2019-03-10 03:00:00,33,28,0.0,7.4,8,24,09:43 AM,10:05 PM,07:12 AM,07:18 PM,23,31,31,28,14,25,76,0.0,1011,28,10,75,10,singapore
2019-03-10 06:00:00,33,28,0.0,7.4,8,24,09:43 AM,10:05 PM,07:12 AM,07:18 PM,23,31,31,28,12,47,76,0.0,1011,28,10,79,8,singapore
2019-03-10 09:00:00,33,28,0.0,7.4,8,24,09:43 AM,10:05 PM,07:12 AM,07:18 PM,23,32,32,29,12,61,71,0.0,1012,29,10,76,9,singapore
2019-03-10 12:00:00,33,28,0.0,7.4,8,24,09:43 AM,10:05 PM,07:12 AM,07:18 PM,23,36,36,32,11,38,60,0.0,1013,32,10,94,9,singapore
2019-03-10 15:00:00,33,28,0.0,7.4,8,24,09:43 AM,10:05 PM,07:12 AM,07:18 PM,23,38,38,33,12,70,57,0.1,1011,33,10,98,10,singapore
2019-03-10 18:00:00,33,28,0.0,7.4,8,24,09:43 AM,10:05 PM,07:12 AM,07:18 PM,23,36,36,31,14,71,63,0.2,1010,31,10,72,10,singapore
2019-03-10 21:00:00,33,28,0.0,7.4,8,24,09:43 AM,10:05 PM,07:12 AM,07:18 PM,23,33,33,29,15,74,72,0.2,1011,29,9,50,11,singapore
2019-03-11 00:00:00,33,27,0.0,7.4,7,32,10:27 AM,10:51 PM,07:12 AM,07:18 PM,23,32,32,28,14,70,75,0.3,1013,28,9,33,10,singapore
2019-03-11 03:00:00,33,27,0.0,7.4,7,32,10:27 AM,10:51 PM,07:12 AM,07:18 PM,23,31,31,28,12,68,77,0.3,1012,28,10,23,9,singapore
2019-03-11 06:00:00,33,27,0.0,7.4,7,32,10:27 AM,10:51 PM,07:12 AM,07:18 PM,23,31,31,27,14,78,79,2.1,1011,27,9,127,8,singapore
2019-03-11 09:00:00,33,27,0.0,7.4,7,32,10:27 AM,10:51 PM,07:12 AM,07:18 PM,23,33,33,29,13,65,73,4.2,1012,29,8,249,7,singapore
2019-03-11 12:00:00,33,27,0.0,7.4,7,32,10:27 AM,10:51 PM,07:12 AM,07:18 PM,23,38,38,33,5,52,58,0.5,1013,33,10,46,4,singapore
2019-03-11 15:00:00,33,27,0.0,7.4,7,32,10:27 AM,10:51 PM,07:12 AM,07:18 PM,24,39,39,33,10,79,59,2.2,1011,33,8,53,6,singapore
2019-03-11 18:00:00,33,27,0.0,7.4,7,32,10:27 AM,10:51 PM,07:12 AM,07:18 PM,24,37,37,31,21,77,68,4.0,1010,31,7,39,12,singapore
2019-03-11 21:00:00,33,27,0.0,7.4,7,32,10:27 AM,10:51 PM,07:12 AM,07:18 PM,24,34,34,29,23,70,77,3.1,1011,29,8,36,14,singapore
